Date,Algorithm,ArraySizeA,ArraySizeB,AvgTime,Speedup,MaxCPUs,L1CacheSize,L2CacheSize,L3CacheSize,CacheLineLength,BlockSize,NumRuns
2025-05-01 01:20:03,MS-Seq,4096,,148349,1,12,32768,262144,12582912,64,,1
2025-05-01 01:20:03,MS-Par,4096,,161804,0.9168438357518973,12,32768,262144,12582912,64,,1
2025-05-01 01:20:03,MS-PMerge,4096,,147589,1.005149435256015,12,32768,262144,12582912,64,,1
2025-05-01 01:20:03,MS-CacheAware,4096,,176747,0.8393296633040448,12,32768,262144,12582912,64,,1
2025-05-01 01:20:05,MS-Seq,8192,,282764,1,12,32768,262144,12582912,64,,1
2025-05-01 01:20:05,MS-Par,8192,,244765,1.1552468694462035,12,32768,262144,12582912,64,,1
2025-05-01 01:20:05,MS-PMerge,8192,,341897,0.8270444022614998,12,32768,262144,12582912,64,,1
2025-05-01 01:20:05,MS-CacheAware,8192,,270095,1.0469057183583554,12,32768,262144,12582912,64,,1
2025-05-01 01:20:08,MS-Seq,12288,,473893,1,12,32768,262144,12582912,64,,1
2025-05-01 01:20:08,MS-Par,12288,,304230,1.5576800447030208,12,32768,262144,12582912,64,,1
2025-05-01 01:20:08,MS-PMerge,12288,,348453,1.3599911609313164,12,32768,262144,12582912,64,,1
2025-05-01 01:20:08,MS-CacheAware,12288,,691501,0.6853106503099778,12,32768,262144,12582912,64,,1
2025-05-01 01:20:13,MS-Seq,16384,,614672,1,12,32768,262144,12582912,64,,1
2025-05-01 01:20:13,MS-Par,16384,,372926,1.6482412060301508,12,32768,262144,12582912,64,,1
2025-05-01 01:20:13,MS-PMerge,16384,,364566,1.686037644761168,12,32768,262144,12582912,64,,1
2025-05-01 01:20:14,MS-CacheAware,16384,,888653,0.6916895571162197,12,32768,262144,12582912,64,,1
2025-05-01 01:20:26,MS-Seq,24576,,988639,1,12,32768,262144,12582912,64,,1
2025-05-01 01:20:26,MS-Par,24576,,635961,1.5545591632191282,12,32768,262144,12582912,64,,1
2025-05-01 01:20:26,MS-PMerge,24576,,2373140,0.4165953125395046,12,32768,262144,12582912,64,,1
2025-05-01 01:20:26,MS-CacheAware,24576,,1388043,0.7122538710976534,12,32768,262144,12582912,64,,1
2025-05-01 01:20:53,MS-Seq,32768,,3160364,1,12,32768,262144,12582912,64,,1
2025-05-01 01:20:53,MS-Par,32768,,715840,4.414902771569066,12,32768,262144,12582912,64,,1
2025-05-01 01:20:53,MS-PMerge,32768,,980218,3.22414401694317,12,32768,262144,12582912,64,,1
2025-05-01 01:20:53,MS-CacheAware,32768,,1810520,1.7455559728696728,12,32768,262144,12582912,64,,1
2025-05-01 01:21:58,MS-Seq,49152,,3922877,1,12,32768,262144,12582912,64,,1
2025-05-01 01:21:58,MS-Par,49152,,885290,4.4311773543132755,12,32768,262144,12582912,64,,1
2025-05-01 01:21:58,MS-PMerge,49152,,1768556,2.218124277659288,12,32768,262144,12582912,64,,1
2025-05-01 01:21:58,MS-CacheAware,49152,,3060912,1.2816039794675573,12,32768,262144,12582912,64,,1
2025-05-01 01:24:19,MS-Seq,65536,,4272091,1,12,32768,262144,12582912,64,,1
2025-05-01 01:24:19,MS-Par,65536,,2615327,1.6334825434830902,12,32768,262144,12582912,64,,1
2025-05-01 01:24:19,MS-PMerge,65536,,3398170,1.257174008363325,12,32768,262144,12582912,64,,1
2025-05-01 01:24:19,MS-CacheAware,65536,,6856662,0.6230569627028428,12,32768,262144,12582912,64,,1
2025-05-01 01:24:20,MS-Seq,4096,,137920,1,12,32768,262144,12582912,64,,1
2025-05-01 01:24:20,MS-Par,4096,,146661,0.9403999699988409,12,32768,262144,12582912,64,,1
2025-05-01 01:24:20,MS-PMerge,4096,,152094,0.9068076321222402,12,32768,262144,12582912,64,,1
2025-05-01 01:24:21,MS-CacheAware,4096,,146755,0.9397976218868181,12,32768,262144,12582912,64,,1
2025-05-01 01:24:24,MS-Seq,8192,,295002,1,12,32768,262144,12582912,64,,1
2025-05-01 01:24:24,MS-Par,8192,,218705,1.3488580507990215,12,32768,262144,12582912,64,,1
2025-05-01 01:24:24,MS-PMerge,8192,,231990,1.271615155825682,12,32768,262144,12582912,64,,1
2025-05-01 01:24:24,MS-CacheAware,8192,,235997,1.2500243647165006,12,32768,262144,12582912,64,,1
2025-05-01 01:24:29,MS-Seq,12288,,1294179,1,12,32768,262144,12582912,64,,1
2025-05-01 01:24:29,MS-Par,12288,,160763,8.050229219409939,12,32768,262144,12582912,64,,1
2025-05-01 01:24:29,MS-PMerge,12288,,217876,5.939979621436046,12,32768,262144,12582912,64,,1
2025-05-01 01:24:29,MS-CacheAware,12288,,544180,2.3782186041383366,12,32768,262144,12582912,64,,1
2025-05-01 01:24:38,MS-Seq,16384,,1107010,1,12,32768,262144,12582912,64,,1
2025-05-01 01:24:38,MS-Par,16384,,473245,2.3391900601168527,12,32768,262144,12582912,64,,1
2025-05-01 01:24:38,MS-PMerge,16384,,1192453,0.9283468614695926,12,32768,262144,12582912,64,,1
2025-05-01 01:24:39,MS-CacheAware,16384,,1458911,0.7587920030762672,12,32768,262144,12582912,64,,1
2025-05-01 01:24:59,MS-Seq,24576,,2059807,1,12,32768,262144,12582912,64,,1
2025-05-01 01:24:59,MS-Par,24576,,1276690,1.61339636090202,12,32768,262144,12582912,64,,1
2025-05-01 01:24:59,MS-PMerge,24576,,1237480,1.6645174063419206,12,32768,262144,12582912,64,,1
2025-05-01 01:24:59,MS-CacheAware,24576,,2302419,0.8946273462823231,12,32768,262144,12582912,64,,1
2025-05-01 01:25:39,MS-Seq,32768,,2358700,1,12,32768,262144,12582912,64,,1
2025-05-01 01:25:39,MS-Par,32768,,2070436,1.1392286455606453,12,32768,262144,12582912,64,,1
2025-05-01 01:25:39,MS-PMerge,32768,,1228447,1.9200665555778964,12,32768,262144,12582912,64,,1
2025-05-01 01:25:39,MS-CacheAware,32768,,3694122,0.6385008399830866,12,32768,262144,12582912,64,,1
2025-05-01 01:26:54,MS-Seq,49152,,5336354,1,12,32768,262144,12582912,64,,1
2025-05-01 01:26:54,MS-Par,49152,,1917004,2.7836947653734683,12,32768,262144,12582912,64,,1
2025-05-01 01:26:54,MS-PMerge,49152,,1334529,3.998679683993379,12,32768,262144,12582912,64,,1
2025-05-01 01:26:54,MS-CacheAware,49152,,3906423,1.366046124549236,12,32768,262144,12582912,64,,1
2025-05-01 01:29:17,MS-Seq,65536,,5133956,1,12,32768,262144,12582912,64,,1
2025-05-01 01:29:17,MS-Par,65536,,1259554,4.0760110324765755,12,32768,262144,12582912,64,,1
2025-05-01 01:29:17,MS-PMerge,65536,,4426101,1.159927439522957,12,32768,262144,12582912,64,,1
2025-05-01 01:29:17,MS-CacheAware,65536,,5078061,1.0110071541086254,12,32768,262144,12582912,64,,1
2025-05-01 01:29:19,MS-Seq,4096,,140506,1,12,32768,262144,12582912,64,,1
2025-05-01 01:29:19,MS-Par,4096,,140934,0.9969631174876183,12,32768,262144,12582912,64,,1
2025-05-01 01:29:19,MS-PMerge,4096,,114010,1.2324006666081924,12,32768,262144,12582912,64,,1
2025-05-01 01:29:19,MS-CacheAware,4096,,145447,0.966028862747255,12,32768,262144,12582912,64,,1
2025-05-01 01:29:22,MS-Seq,8192,,536304,1,12,32768,262144,12582912,64,,1
2025-05-01 01:29:22,MS-Par,8192,,332620,1.612362455655102,12,32768,262144,12582912,64,,1
2025-05-01 01:29:22,MS-PMerge,8192,,330854,1.6209687656791214,12,32768,262144,12582912,64,,1
2025-05-01 01:29:23,MS-CacheAware,8192,,234416,2.28783018224012,12,32768,262144,12582912,64,,1
2025-05-01 01:29:28,MS-Seq,12288,,726211,1,12,32768,262144,12582912,64,,1
2025-05-01 01:29:28,MS-Par,12288,,1049612,0.6918851918613735,12,32768,262144,12582912,64,,1
2025-05-01 01:29:28,MS-PMerge,12288,,179425,4.047434861362686,12,32768,262144,12582912,64,,1
2025-05-01 01:29:28,MS-CacheAware,12288,,695635,1.0439540851164764,12,32768,262144,12582912,64,,1
2025-05-01 01:29:37,MS-Seq,16384,,951723,1,12,32768,262144,12582912,64,,1
2025-05-01 01:29:37,MS-Par,16384,,361859,2.630093489453074,12,32768,262144,12582912,64,,1
2025-05-01 01:29:37,MS-PMerge,16384,,301313,3.158585922280154,12,32768,262144,12582912,64,,1
2025-05-01 01:29:38,MS-CacheAware,16384,,887401,1.0724835784498779,12,32768,262144,12582912,64,,1
2025-05-01 01:30:02,MS-Seq,24576,,3651464,1,12,32768,262144,12582912,64,,1
2025-05-01 01:30:02,MS-Par,24576,,4620571,0.7902625021885823,12,32768,262144,12582912,64,,1
2025-05-01 01:30:02,MS-PMerge,24576,,1354155,2.696488954366376,12,32768,262144,12582912,64,,1
2025-05-01 01:30:03,MS-CacheAware,24576,,5931824,0.6155718713164787,12,32768,262144,12582912,64,,1
2025-05-01 01:30:43,MS-Seq,32768,,3924574,1,12,32768,262144,12582912,64,,1
2025-05-01 01:30:43,MS-Par,32768,,3224097,1.217263004183807,12,32768,262144,12582912,64,,1
2025-05-01 01:30:43,MS-PMerge,32768,,1821134,2.155016599547315,12,32768,262144,12582912,64,,1
2025-05-01 01:30:43,MS-CacheAware,32768,,3451906,1.1369295687657774,12,32768,262144,12582912,64,,1
2025-05-01 01:31:59,MS-Seq,49152,,6488604,1,12,32768,262144,12582912,64,,1
2025-05-01 01:31:59,MS-Par,49152,,1270922,5.1054305456983196,12,32768,262144,12582912,64,,1
2025-05-01 01:31:59,MS-PMerge,49152,,11008110,0.5894385139683379,12,32768,262144,12582912,64,,1
2025-05-01 01:31:59,MS-CacheAware,49152,,4188585,1.5491159902449156,12,32768,262144,12582912,64,,1
2025-05-01 01:34:26,MS-Seq,65536,,3778899,1,12,32768,262144,12582912,64,,1
2025-05-01 01:34:26,MS-Par,65536,,3338096,1.1320522237826594,12,32768,262144,12582912,64,,1
2025-05-01 01:34:26,MS-PMerge,65536,,1379338,2.739646845080756,12,32768,262144,12582912,64,,1
2025-05-01 01:34:27,MS-CacheAware,65536,,5639762,0.6700458281750188,12,32768,262144,12582912,64,,1
2025-05-01 01:34:28,MS-Seq,4096,,213738,1,12,32768,262144,12582912,64,,1
2025-05-01 01:34:28,MS-Par,4096,,114635,1.8645090940812143,12,32768,262144,12582912,64,,1
2025-05-01 01:34:28,MS-PMerge,4096,,150662,1.4186589850128102,12,32768,262144,12582912,64,,1
2025-05-01 01:34:28,MS-CacheAware,4096,,151379,1.4119395688966105,12,32768,262144,12582912,64,,1
2025-05-01 01:34:31,MS-Seq,8192,,363189,1,12,32768,262144,12582912,64,,1
2025-05-01 01:34:31,MS-Par,8192,,744729,0.4876794108998038,12,32768,262144,12582912,64,,1
2025-05-01 01:34:31,MS-PMerge,8192,,270984,1.3402599415463643,12,32768,262144,12582912,64,,1
2025-05-01 01:34:31,MS-CacheAware,8192,,245623,1.478644100918888,12,32768,262144,12582912,64,,1
2025-05-01 01:34:36,MS-Seq,12288,,571977,1,12,32768,262144,12582912,64,,1
2025-05-01 01:34:36,MS-Par,12288,,871200,0.6565392561983471,12,32768,262144,12582912,64,,1
2025-05-01 01:34:36,MS-PMerge,12288,,148326,3.8562153634561707,12,32768,262144,12582912,64,,1
2025-05-01 01:34:36,MS-CacheAware,12288,,650808,0.8788721097466534,12,32768,262144,12582912,64,,1
2025-05-01 01:34:45,MS-Seq,16384,,852076,1,12,32768,262144,12582912,64,,1
2025-05-01 01:34:45,MS-Par,16384,,997721,0.8540223168601242,12,32768,262144,12582912,64,,1
2025-05-01 01:34:45,MS-PMerge,16384,,955323,0.8919245113956222,12,32768,262144,12582912,64,,1
2025-05-01 01:34:45,MS-CacheAware,16384,,2330004,0.3656972262708562,12,32768,262144,12582912,64,,1
2025-05-01 01:35:06,MS-Seq,24576,,2970763,1,12,32768,262144,12582912,64,,1
2025-05-01 01:35:07,MS-Par,24576,,1722079,1.7251026230503943,12,32768,262144,12582912,64,,1
2025-05-01 01:35:07,MS-PMerge,24576,,826484,3.594459178883076,12,32768,262144,12582912,64,,1
2025-05-01 01:35:07,MS-CacheAware,24576,,1190307,2.495795622473866,12,32768,262144,12582912,64,,1
2025-05-01 01:35:44,MS-Seq,32768,,3084112,1,12,32768,262144,12582912,64,,1
2025-05-01 01:35:44,MS-Par,32768,,1786238,1.7265963438242833,12,32768,262144,12582912,64,,1
2025-05-01 01:35:44,MS-PMerge,32768,,1553744,1.9849550505102513,12,32768,262144,12582912,64,,1
2025-05-01 01:35:44,MS-CacheAware,32768,,4294053,0.7182286757988315,12,32768,262144,12582912,64,,1
2025-05-01 01:37:05,MS-Seq,49152,,3993503,1,12,32768,262144,12582912,64,,1
2025-05-01 01:37:05,MS-Par,49152,,2888451,1.3825759896913605,12,32768,262144,12582912,64,,1
2025-05-01 01:37:05,MS-PMerge,49152,,3804150,1.049775376891027,12,32768,262144,12582912,64,,1
2025-05-01 01:37:06,MS-CacheAware,49152,,3186625,1.2532077040756286,12,32768,262144,12582912,64,,1
2025-05-01 01:39:42,MS-Seq,65536,,3298067,1,12,32768,262144,12582912,64,,1
2025-05-01 01:39:42,MS-Par,65536,,3407173,0.9679775579343931,12,32768,262144,12582912,64,,1
2025-05-01 01:39:42,MS-PMerge,65536,,3926940,0.8398567332324914,12,32768,262144,12582912,64,,1
2025-05-01 01:39:42,MS-CacheAware,65536,,5190857,0.6353607891721925,12,32768,262144,12582912,64,,1
2025-05-01 01:39:43,MS-Seq,4096,,120457,1,12,32768,262144,12582912,64,,1
2025-05-01 01:39:43,MS-Par,4096,,144521,0.8334913265200213,12,32768,262144,12582912,64,,1
2025-05-01 01:39:43,MS-PMerge,4096,,147257,0.8180052561168569,12,32768,262144,12582912,64,,1
2025-05-01 01:39:43,MS-CacheAware,4096,,138093,0.8722889646832207,12,32768,262144,12582912,64,,1
2025-05-01 01:39:46,MS-Seq,8192,,443783,1,12,32768,262144,12582912,64,,1
2025-05-01 01:39:46,MS-Par,8192,,266494,1.6652645087694282,12,32768,262144,12582912,64,,1
2025-05-01 01:39:47,MS-PMerge,8192,,349513,1.2697181506839517,12,32768,262144,12582912,64,,1
2025-05-01 01:39:47,MS-CacheAware,8192,,523383,0.8479125229516434,12,32768,262144,12582912,64,,1
2025-05-01 01:39:52,MS-Seq,12288,,738291,1,12,32768,262144,12582912,64,,1
2025-05-01 01:39:52,MS-Par,12288,,1092668,0.6756773329135657,12,32768,262144,12582912,64,,1
2025-05-01 01:39:52,MS-PMerge,12288,,1021813,0.7225304434373021,12,32768,262144,12582912,64,,1
2025-05-01 01:39:53,MS-CacheAware,12288,,1758585,0.4198210493095301,12,32768,262144,12582912,64,,1
2025-05-01 01:40:01,MS-Seq,16384,,1417666,1,12,32768,262144,12582912,64,,1
2025-05-01 01:40:01,MS-Par,16384,,629889,2.2506600369271412,12,32768,262144,12582912,64,,1
2025-05-01 01:40:01,MS-PMerge,16384,,1395158,1.016132939781731,12,32768,262144,12582912,64,,1
2025-05-01 01:40:02,MS-CacheAware,16384,,1591705,0.8906587590037098,12,32768,262144,12582912,64,,1
2025-05-01 01:40:25,MS-Seq,24576,,2807836,1,12,32768,262144,12582912,64,,1
2025-05-01 01:40:25,MS-Par,24576,,1416013,1.982916823503739,12,32768,262144,12582912,64,,1
2025-05-01 01:40:25,MS-PMerge,24576,,3773416,0.744109846356723,12,32768,262144,12582912,64,,1
2025-05-01 01:40:25,MS-CacheAware,24576,,2297215,1.2222782804395758,12,32768,262144,12582912,64,,1
2025-05-01 01:41:01,MS-Seq,32768,,3339257,1,12,32768,262144,12582912,64,,1
2025-05-01 01:41:02,MS-Par,32768,,3125675,1.0683314804002335,12,32768,262144,12582912,64,,1
2025-05-01 01:41:02,MS-PMerge,32768,,925505,3.6080377739720477,12,32768,262144,12582912,64,,1
2025-05-01 01:41:02,MS-CacheAware,32768,,3991613,0.8365683246346778,12,32768,262144,12582912,64,,1
2025-05-01 01:42:19,MS-Seq,49152,,3469970,1,12,32768,262144,12582912,64,,1
2025-05-01 01:42:20,MS-Par,49152,,1379867,2.514713374549866,12,32768,262144,12582912,64,,1
2025-05-01 01:42:20,MS-PMerge,49152,,1163190,2.983149786363363,12,32768,262144,12582912,64,,1
2025-05-01 01:42:20,MS-CacheAware,49152,,4960274,0.6995520811955146,12,32768,262144,12582912,64,,1
2025-05-01 01:44:54,MS-Seq,65536,,5658367,1,12,32768,262144,12582912,64,,1
2025-05-01 01:44:54,MS-Par,65536,,685167,8.25837642501755,12,32768,262144,12582912,64,,1
2025-05-01 01:44:54,MS-PMerge,65536,,594130,9.523786040092237,12,32768,262144,12582912,64,,1
2025-05-01 01:44:54,MS-CacheAware,65536,,2813541,2.0111194398802077,12,32768,262144,12582912,64,,1
2025-05-01 01:44:55,MS-Seq,4096,,123489,1,12,32768,262144,12582912,64,,1
2025-05-01 01:44:55,MS-Par,4096,,131787,0.9370347606364816,12,32768,262144,12582912,64,,1
2025-05-01 01:44:55,MS-PMerge,4096,,137245,0.8997704834420197,12,32768,262144,12582912,64,,1
2025-05-01 01:44:55,MS-CacheAware,4096,,112209,1.1005266957195947,12,32768,262144,12582912,64,,1
2025-05-01 01:44:58,MS-Seq,8192,,348805,1,12,32768,262144,12582912,64,,1
2025-05-01 01:44:58,MS-Par,8192,,341037,1.0227775871826223,12,32768,262144,12582912,64,,1
2025-05-01 01:44:58,MS-PMerge,8192,,414386,0.8417393444759235,12,32768,262144,12582912,64,,1
2025-05-01 01:44:58,MS-CacheAware,8192,,302875,1.1516467189434585,12,32768,262144,12582912,64,,1
2025-05-01 01:45:04,MS-Seq,12288,,619508,1,12,32768,262144,12582912,64,,1
2025-05-01 01:45:04,MS-Par,12288,,1106764,0.5597471547683156,12,32768,262144,12582912,64,,1
2025-05-01 01:45:04,MS-PMerge,12288,,1196627,0.5177118684435501,12,32768,262144,12582912,64,,1
2025-05-01 01:45:04,MS-CacheAware,12288,,1451224,0.42688654542648136,12,32768,262144,12582912,64,,1
2025-05-01 01:45:13,MS-Seq,16384,,2163513,1,12,32768,262144,12582912,64,,1
2025-05-01 01:45:13,MS-Par,16384,,479119,4.515606769925634,12,32768,262144,12582912,64,,1
2025-05-01 01:45:13,MS-PMerge,16384,,957760,2.2589302121617107,12,32768,262144,12582912,64,,1
2025-05-01 01:45:13,MS-CacheAware,16384,,2120485,1.0202915842366251,12,32768,262144,12582912,64,,1
2025-05-01 01:45:36,MS-Seq,24576,,3474662,1,12,32768,262144,12582912,64,,1
2025-05-01 01:45:36,MS-Par,24576,,1755996,1.9787414094337346,12,32768,262144,12582912,64,,1
2025-05-01 01:45:36,MS-PMerge,24576,,2292539,1.5156392104997995,12,32768,262144,12582912,64,,1
2025-05-01 01:45:36,MS-CacheAware,24576,,1924802,1.8052048989974034,12,32768,262144,12582912,64,,1
2025-05-01 01:46:17,MS-Seq,32768,,2587793,1,12,32768,262144,12582912,64,,1
2025-05-01 01:46:17,MS-Par,32768,,2594022,0.9975987096485689,12,32768,262144,12582912,64,,1
2025-05-01 01:46:17,MS-PMerge,32768,,2165858,1.1948119405796687,12,32768,262144,12582912,64,,1
2025-05-01 01:46:17,MS-CacheAware,32768,,3623661,0.7141377187325194,12,32768,262144,12582912,64,,1
2025-05-01 01:47:34,MS-Seq,49152,,4678590,1,12,32768,262144,12582912,64,,1
2025-05-01 01:47:34,MS-Par,49152,,1337468,3.4980949076912493,12,32768,262144,12582912,64,,1
2025-05-01 01:47:34,MS-PMerge,49152,,1336743,3.4999921450869764,12,32768,262144,12582912,64,,1
2025-05-01 01:47:34,MS-CacheAware,49152,,3925338,1.191894812625053,12,32768,262144,12582912,64,,1
2025-05-01 01:50:05,MS-Seq,65536,,3418820,1,12,32768,262144,12582912,64,,1
2025-05-01 01:50:05,MS-Par,65536,,1715225,1.993219548455742,12,32768,262144,12582912,64,,1
2025-05-01 01:50:05,MS-PMerge,65536,,1475030,2.3177969261642137,12,32768,262144,12582912,64,,1
2025-05-01 01:50:06,MS-CacheAware,65536,,4270495,0.800567615697946,12,32768,262144,12582912,64,,1
2025-05-01 01:50:07,MS-Seq,4096,,124873,1,12,32768,262144,12582912,64,,1
2025-05-01 01:50:07,MS-Par,4096,,114197,1.0934875697259998,12,32768,262144,12582912,64,,1
2025-05-01 01:50:07,MS-PMerge,4096,,459305,0.271873809342376,12,32768,262144,12582912,64,,1
2025-05-01 01:50:07,MS-CacheAware,4096,,109166,1.143881794697983,12,32768,262144,12582912,64,,1
2025-05-01 01:50:10,MS-Seq,8192,,858451,1,12,32768,262144,12582912,64,,1
2025-05-01 01:50:10,MS-Par,8192,,266999,3.215184326533058,12,32768,262144,12582912,64,,1
2025-05-01 01:50:10,MS-PMerge,8192,,241526,3.5542798704901335,12,32768,262144,12582912,64,,1
2025-05-01 01:50:10,MS-CacheAware,8192,,237792,3.6100920131879963,12,32768,262144,12582912,64,,1
2025-05-01 01:50:15,MS-Seq,12288,,632817,1,12,32768,262144,12582912,64,,1
2025-05-01 01:50:15,MS-Par,12288,,488304,1.2959488351518726,12,32768,262144,12582912,64,,1
2025-05-01 01:50:15,MS-PMerge,12288,,818415,0.7732226315500083,12,32768,262144,12582912,64,,1
2025-05-01 01:50:15,MS-CacheAware,12288,,1172355,0.5397827449876531,12,32768,262144,12582912,64,,1
2025-05-01 01:50:24,MS-Seq,16384,,867689,1,12,32768,262144,12582912,64,,1
2025-05-01 01:50:24,MS-Par,16384,,648621,1.3377442296811235,12,32768,262144,12582912,64,,1
2025-05-01 01:50:24,MS-PMerge,16384,,493527,1.7581388657560781,12,32768,262144,12582912,64,,1
2025-05-01 01:50:24,MS-CacheAware,16384,,1779111,0.487709310998583,12,32768,262144,12582912,64,,1
2025-05-01 01:50:45,MS-Seq,24576,,2959619,1,12,32768,262144,12582912,64,,1
2025-05-01 01:50:46,MS-Par,24576,,1454385,2.0349625443056687,12,32768,262144,12582912,64,,1
2025-05-01 01:50:46,MS-PMerge,24576,,1285909,2.301577327789136,12,32768,262144,12582912,64,,1
2025-05-01 01:50:46,MS-CacheAware,24576,,2870996,1.0308683815651432,12,32768,262144,12582912,64,,1
2025-05-01 01:51:23,MS-Seq,32768,,5049306,1,12,32768,262144,12582912,64,,1
2025-05-01 01:51:23,MS-Par,32768,,2815079,1.7936640499254195,12,32768,262144,12582912,64,,1
2025-05-01 01:51:24,MS-PMerge,32768,,2527806,1.9975053465337134,12,32768,262144,12582912,64,,1
2025-05-01 01:51:24,MS-CacheAware,32768,,3855900,1.309501283746985,12,32768,262144,12582912,64,,1
2025-05-01 01:52:42,MS-Seq,49152,,5863254,1,12,32768,262144,12582912,64,,1
2025-05-01 01:52:42,MS-Par,49152,,1267621,4.625399863208325,12,32768,262144,12582912,64,,1
2025-05-01 01:52:42,MS-PMerge,49152,,1263519,4.640416171027107,12,32768,262144,12582912,64,,1
2025-05-01 01:52:43,MS-CacheAware,49152,,4037605,1.4521613679396572,12,32768,262144,12582912,64,,1
2025-05-01 01:55:14,MS-Seq,65536,,3480402,1,12,32768,262144,12582912,64,,1
2025-05-01 01:55:14,MS-Par,65536,,1532546,2.2709934970956827,12,32768,262144,12582912,64,,1
2025-05-01 01:55:14,MS-PMerge,65536,,1844816,1.8865848951873792,12,32768,262144,12582912,64,,1
2025-05-01 01:55:14,MS-CacheAware,65536,,6380888,0.5454416375902539,12,32768,262144,12582912,64,,1
2025-05-01 01:55:15,MS-Seq,4096,,156233,1,12,32768,262144,12582912,64,,1
2025-05-01 01:55:15,MS-Par,4096,,150650,1.0370594092266843,12,32768,262144,12582912,64,,1
2025-05-01 01:55:15,MS-PMerge,4096,,152354,1.0254604408154693,12,32768,262144,12582912,64,,1
2025-05-01 01:55:16,MS-CacheAware,4096,,172153,0.9075241209854025,12,32768,262144,12582912,64,,1
2025-05-01 01:55:19,MS-Seq,8192,,512011,1,12,32768,262144,12582912,64,,1
2025-05-01 01:55:19,MS-Par,8192,,813903,0.6290811067166481,12,32768,262144,12582912,64,,1
2025-05-01 01:55:19,MS-PMerge,8192,,138997,3.6836118765153203,12,32768,262144,12582912,64,,1
2025-05-01 01:55:19,MS-CacheAware,8192,,247618,2.06774547892318,12,32768,262144,12582912,64,,1
2025-05-01 01:55:25,MS-Seq,12288,,765522,1,12,32768,262144,12582912,64,,1
2025-05-01 01:55:25,MS-Par,12288,,515363,1.4854034922957216,12,32768,262144,12582912,64,,1
2025-05-01 01:55:25,MS-PMerge,12288,,1149479,0.6659730190808184,12,32768,262144,12582912,64,,1
2025-05-01 01:55:25,MS-CacheAware,12288,,1062565,0.7204472196995008,12,32768,262144,12582912,64,,1
2025-05-01 01:55:34,MS-Seq,16384,,1053437,1,12,32768,262144,12582912,64,,1
2025-05-01 01:55:34,MS-Par,16384,,853086,1.2348543992047696,12,32768,262144,12582912,64,,1
2025-05-01 01:55:34,MS-PMerge,16384,,488590,2.156075646247365,12,32768,262144,12582912,64,,1
2025-05-01 01:55:34,MS-CacheAware,16384,,3297987,0.31941817842217085,12,32768,262144,12582912,64,,1
2025-05-01 01:55:57,MS-Seq,24576,,1878295,1,12,32768,262144,12582912,64,,1
2025-05-01 01:55:57,MS-Par,24576,,372824,5.038020620990065,12,32768,262144,12582912,64,,1
2025-05-01 01:55:57,MS-PMerge,24576,,452336,4.152433147041138,12,32768,262144,12582912,64,,1
2025-05-01 01:55:58,MS-CacheAware,24576,,1252903,1.4991543639052665,12,32768,262144,12582912,64,,1
2025-05-01 01:56:33,MS-Seq,32768,,3426563,1,12,32768,262144,12582912,64,,1
2025-05-01 01:56:33,MS-Par,32768,,2338640,1.4651947285601887,12,32768,262144,12582912,64,,1
2025-05-01 01:56:33,MS-PMerge,32768,,1837460,1.8648367855626788,12,32768,262144,12582912,64,,1
2025-05-01 01:56:34,MS-CacheAware,32768,,3889918,0.8808830931654601,12,32768,262144,12582912,64,,1
2025-05-01 01:57:50,MS-Seq,49152,,8797925,1,12,32768,262144,12582912,64,,1
2025-05-01 01:57:50,MS-Par,49152,,1323733,6.646298762665885,12,32768,262144,12582912,64,,1
2025-05-01 01:57:50,MS-PMerge,49152,,1243102,7.077395901543075,12,32768,262144,12582912,64,,1
2025-05-01 01:57:50,MS-CacheAware,49152,,5192159,1.694463709605195,12,32768,262144,12582912,64,,1
2025-05-01 02:00:22,MS-Seq,65536,,4246772,1,12,32768,262144,12582912,64,,1
2025-05-01 02:00:22,MS-Par,65536,,1571537,2.702304813695128,12,32768,262144,12582912,64,,1
2025-05-01 02:00:22,MS-PMerge,65536,,585816,7.249327433870021,12,32768,262144,12582912,64,,1
2025-05-01 02:00:22,MS-CacheAware,65536,,3019777,1.4063197381793424,12,32768,262144,12582912,64,,1
2025-05-01 02:00:23,MS-Seq,4096,,193220,1,12,32768,262144,12582912,64,,1
2025-05-01 02:00:23,MS-Par,4096,,137483,1.4054101234334426,12,32768,262144,12582912,64,,1
2025-05-01 02:00:23,MS-PMerge,4096,,112405,1.7189626795961033,12,32768,262144,12582912,64,,1
2025-05-01 02:00:23,MS-CacheAware,4096,,189416,1.0200827807576973,12,32768,262144,12582912,64,,1
2025-05-01 02:00:26,MS-Seq,8192,,825069,1,12,32768,262144,12582912,64,,1
2025-05-01 02:00:26,MS-Par,8192,,284342,2.9016782606860754,12,32768,262144,12582912,64,,1
2025-05-01 02:00:26,MS-PMerge,8192,,143424,5.752656459170013,12,32768,262144,12582912,64,,1
2025-05-01 02:00:26,MS-CacheAware,8192,,288453,2.8603238655864214,12,32768,262144,12582912,64,,1
2025-05-01 02:00:31,MS-Seq,12288,,577363,1,12,32768,262144,12582912,64,,1
2025-05-01 02:00:31,MS-Par,12288,,473050,1.220511573829405,12,32768,262144,12582912,64,,1
2025-05-01 02:00:31,MS-PMerge,12288,,245136,2.3552762548136545,12,32768,262144,12582912,64,,1
2025-05-01 02:00:32,MS-CacheAware,12288,,1321869,0.4367777744995911,12,32768,262144,12582912,64,,1
2025-05-01 02:00:40,MS-Seq,16384,,1018726,1,12,32768,262144,12582912,64,,1
2025-05-01 02:00:40,MS-Par,16384,,976001,1.04377556990208,12,32768,262144,12582912,64,,1
2025-05-01 02:00:40,MS-PMerge,16384,,618595,1.6468383999224048,12,32768,262144,12582912,64,,1
2025-05-01 02:00:40,MS-CacheAware,16384,,2179935,0.4673194384236227,12,32768,262144,12582912,64,,1
2025-05-01 02:01:01,MS-Seq,24576,,2628271,1,12,32768,262144,12582912,64,,1
2025-05-01 02:01:01,MS-Par,24576,,1977780,1.3288995742701413,12,32768,262144,12582912,64,,1
2025-05-01 02:01:01,MS-PMerge,24576,,1093242,2.4041072333481517,12,32768,262144,12582912,64,,1
2025-05-01 02:01:02,MS-CacheAware,24576,,4336895,0.6060259701929607,12,32768,262144,12582912,64,,1
2025-05-01 02:01:38,MS-Seq,32768,,1989834,1,12,32768,262144,12582912,64,,1
2025-05-01 02:01:38,MS-Par,32768,,1434093,1.3875208929964793,12,32768,262144,12582912,64,,1
2025-05-01 02:01:38,MS-PMerge,32768,,2684522,0.7412246947501269,12,32768,262144,12582912,64,,1
2025-05-01 02:01:39,MS-CacheAware,32768,,4002466,0.49715200578843144,12,32768,262144,12582912,64,,1
2025-05-01 02:02:58,MS-Seq,49152,,8085434,1,12,32768,262144,12582912,64,,1
2025-05-01 02:02:58,MS-Par,49152,,1286973,6.282520301513707,12,32768,262144,12582912,64,,1
2025-05-01 02:02:58,MS-PMerge,49152,,1402438,5.765270193762576,12,32768,262144,12582912,64,,1
2025-05-01 02:02:59,MS-CacheAware,49152,,4032651,2.0049922495152694,12,32768,262144,12582912,64,,1
2025-05-01 02:05:27,MS-Seq,65536,,3380670,1,12,32768,262144,12582912,64,,1
2025-05-01 02:05:28,MS-Par,65536,,4454413,0.7589484854682311,12,32768,262144,12582912,64,,1
2025-05-01 02:05:28,MS-PMerge,65536,,1749381,1.9324949796528028,12,32768,262144,12582912,64,,1
2025-05-01 02:05:28,MS-CacheAware,65536,,5040936,0.6706433090997386,12,32768,262144,12582912,64,,1
2025-05-01 02:05:29,MS-Seq,4096,,169638,1,12,32768,262144,12582912,64,,1
2025-05-01 02:05:29,MS-Par,4096,,139649,1.2147455406053749,12,32768,262144,12582912,64,,1
2025-05-01 02:05:29,MS-PMerge,4096,,203037,0.8355028886360614,12,32768,262144,12582912,64,,1
2025-05-01 02:05:29,MS-CacheAware,4096,,142118,1.193641903207194,12,32768,262144,12582912,64,,1
2025-05-01 02:05:32,MS-Seq,8192,,471458,1,12,32768,262144,12582912,64,,1
2025-05-01 02:05:32,MS-Par,8192,,176485,2.671377170864379,12,32768,262144,12582912,64,,1
2025-05-01 02:05:32,MS-PMerge,8192,,190510,2.474715238045247,12,32768,262144,12582912,64,,1
2025-05-01 02:05:32,MS-CacheAware,8192,,286341,1.6464914210678876,12,32768,262144,12582912,64,,1
2025-05-01 02:05:37,MS-Seq,12288,,748964,1,12,32768,262144,12582912,64,,1
2025-05-01 02:05:37,MS-Par,12288,,982600,0.762226745369428,12,32768,262144,12582912,64,,1
2025-05-01 02:05:38,MS-PMerge,12288,,941406,0.7955802278719277,12,32768,262144,12582912,64,,1
2025-05-01 02:05:38,MS-CacheAware,12288,,1067640,0.7015136188228241,12,32768,262144,12582912,64,,1
2025-05-01 02:05:46,MS-Seq,16384,,1386724,1,12,32768,262144,12582912,64,,1
2025-05-01 02:05:46,MS-Par,16384,,1724559,0.8041035418330136,12,32768,262144,12582912,64,,1
2025-05-01 02:05:46,MS-PMerge,16384,,567878,2.4419399941536737,12,32768,262144,12582912,64,,1
2025-05-01 02:05:46,MS-CacheAware,16384,,1431950,0.9684164949893502,12,32768,262144,12582912,64,,1
2025-05-01 02:06:08,MS-Seq,24576,,6544057,1,12,32768,262144,12582912,64,,1
2025-05-01 02:06:08,MS-Par,24576,,1373696,4.763832026882222,12,32768,262144,12582912,64,,1
2025-05-01 02:06:08,MS-PMerge,24576,,1453500,4.502275197798418,12,32768,262144,12582912,64,,1
2025-05-01 02:06:08,MS-CacheAware,24576,,4058350,1.6124920226200303,12,32768,262144,12582912,64,,1
2025-05-01 02:06:44,MS-Seq,32768,,2446644,1,12,32768,262144,12582912,64,,1
2025-05-01 02:06:44,MS-Par,32768,,1639367,1.4924321399662186,12,32768,262144,12582912,64,,1
2025-05-01 02:06:44,MS-PMerge,32768,,1272387,1.9228772378215118,12,32768,262144,12582912,64,,1
2025-05-01 02:06:44,MS-CacheAware,32768,,3504533,0.6981369557655757,12,32768,262144,12582912,64,,1
2025-05-01 02:08:03,MS-Seq,49152,,5552688,1,12,32768,262144,12582912,64,,1
2025-05-01 02:08:03,MS-Par,49152,,1267618,4.380411133322499,12,32768,262144,12582912,64,,1
2025-05-01 02:08:03,MS-PMerge,49152,,1913277,2.9021871898318956,12,32768,262144,12582912,64,,1
2025-05-01 02:08:03,MS-CacheAware,49152,,4707117,1.1796367075643117,12,32768,262144,12582912,64,,1
2025-05-01 02:10:28,MS-Seq,65536,,4864863,1,12,32768,262144,12582912,64,,1
2025-05-01 02:10:28,MS-Par,65536,,1289982,3.77126425019884,12,32768,262144,12582912,64,,1
2025-05-01 02:10:28,MS-PMerge,65536,,1304031,3.7306344711130333,12,32768,262144,12582912,64,,1
2025-05-01 02:10:28,MS-CacheAware,65536,,4459191,1.0909743493831057,12,32768,262144,12582912,64,,1
2025-05-01 02:10:30,MS-Seq,4096,,115880,1,12,32768,262144,12582912,64,,1
2025-05-01 02:10:30,MS-Par,4096,,113303,1.0227443227452053,12,32768,262144,12582912,64,,1
2025-05-01 02:10:30,MS-PMerge,4096,,140263,0.8261622808581023,12,32768,262144,12582912,64,,1
2025-05-01 02:10:30,MS-CacheAware,4096,,114447,1.0125210796263773,12,32768,262144,12582912,64,,1
2025-05-01 02:10:32,MS-Seq,8192,,350311,1,12,32768,262144,12582912,64,,1
2025-05-01 02:10:32,MS-Par,8192,,149945,2.3362632965420653,12,32768,262144,12582912,64,,1
2025-05-01 02:10:32,MS-PMerge,8192,,178326,1.9644415284366834,12,32768,262144,12582912,64,,1
2025-05-01 02:10:32,MS-CacheAware,8192,,237346,1.4759507217311436,12,32768,262144,12582912,64,,1
2025-05-01 02:10:38,MS-Seq,12288,,565490,1,12,32768,262144,12582912,64,,1
2025-05-01 02:10:38,MS-Par,12288,,475714,1.1887184316627217,12,32768,262144,12582912,64,,1
2025-05-01 02:10:38,MS-PMerge,12288,,801804,0.7052721113888182,12,32768,262144,12582912,64,,1
2025-05-01 02:10:38,MS-CacheAware,12288,,1629739,0.34698194005297783,12,32768,262144,12582912,64,,1
2025-05-01 02:10:46,MS-Seq,16384,,1013222,1,12,32768,262144,12582912,64,,1
2025-05-01 02:10:46,MS-Par,16384,,1891644,0.535630382883883,12,32768,262144,12582912,64,,1
2025-05-01 02:10:47,MS-PMerge,16384,,657078,1.5420117550732182,12,32768,262144,12582912,64,,1
2025-05-01 02:10:47,MS-CacheAware,16384,,2965401,0.3416812768323744,12,32768,262144,12582912,64,,1
2025-05-01 02:11:08,MS-Seq,24576,,2393007,1,12,32768,262144,12582912,64,,1
2025-05-01 02:11:08,MS-Par,24576,,1729442,1.3836873396158993,12,32768,262144,12582912,64,,1
2025-05-01 02:11:08,MS-PMerge,24576,,1819230,1.3153955244801372,12,32768,262144,12582912,64,,1
2025-05-01 02:11:09,MS-CacheAware,24576,,2454679,0.974875737316366,12,32768,262144,12582912,64,,1
2025-05-01 02:11:48,MS-Seq,32768,,2487875,1,12,32768,262144,12582912,64,,1
2025-05-01 02:11:48,MS-Par,32768,,1106609,2.248196969299906,12,32768,262144,12582912,64,,1
2025-05-01 02:11:48,MS-PMerge,32768,,1416051,1.7569105914970577,12,32768,262144,12582912,64,,1
2025-05-01 02:11:48,MS-CacheAware,32768,,3336453,0.7456646324704709,12,32768,262144,12582912,64,,1
2025-05-01 02:13:05,MS-Seq,49152,,5830919,1,12,32768,262144,12582912,64,,1
2025-05-01 02:13:05,MS-Par,49152,,5103401,1.142555523267719,12,32768,262144,12582912,64,,1
2025-05-01 02:13:05,MS-PMerge,49152,,2376770,2.4532954387677393,12,32768,262144,12582912,64,,1
2025-05-01 02:13:06,MS-CacheAware,49152,,3263298,1.7868178143706153,12,32768,262144,12582912,64,,1
2025-05-01 02:15:28,MS-Seq,65536,,4353973,1,12,32768,262144,12582912,64,,1
2025-05-01 02:15:28,MS-Par,65536,,3352940,1.2985538065101077,12,32768,262144,12582912,64,,1
2025-05-01 02:15:28,MS-PMerge,65536,,3035651,1.4342798299277486,12,32768,262144,12582912,64,,1
2025-05-01 02:15:28,MS-CacheAware,65536,,4418293,0.9854423416464232,12,32768,262144,12582912,64,,1
2025-05-01 02:15:29,MS-Seq,4096,,111903,1,12,32768,262144,12582912,64,,1
2025-05-01 02:15:29,MS-Par,4096,,112834,0.9917489409220624,12,32768,262144,12582912,64,,1
2025-05-01 02:15:29,MS-PMerge,4096,,112042,0.998759393798754,12,32768,262144,12582912,64,,1
2025-05-01 02:15:29,MS-CacheAware,4096,,216718,0.5163530486623169,12,32768,262144,12582912,64,,1
2025-05-01 02:15:32,MS-Seq,8192,,377836,1,12,32768,262144,12582912,64,,1
2025-05-01 02:15:32,MS-Par,8192,,293582,1.2869862593755748,12,32768,262144,12582912,64,,1
2025-05-01 02:15:32,MS-PMerge,8192,,1272068,0.29702500180807945,12,32768,262144,12582912,64,,1
2025-05-01 02:15:33,MS-CacheAware,8192,,433692,0.8712081384945999,12,32768,262144,12582912,64,,1
2025-05-01 02:15:38,MS-Seq,12288,,697541,1,12,32768,262144,12582912,64,,1
2025-05-01 02:15:38,MS-Par,12288,,889475,0.7842165322240647,12,32768,262144,12582912,64,,1
2025-05-01 02:15:38,MS-PMerge,12288,,335865,2.076849329343635,12,32768,262144,12582912,64,,1
2025-05-01 02:15:38,MS-CacheAware,12288,,1688592,0.41309031429735543,12,32768,262144,12582912,64,,1
2025-05-01 02:15:46,MS-Seq,16384,,1548490,1,12,32768,262144,12582912,64,,1
2025-05-01 02:15:46,MS-Par,16384,,916801,1.6890143008133718,12,32768,262144,12582912,64,,1
2025-05-01 02:15:46,MS-PMerge,16384,,555595,2.787084117027691,12,32768,262144,12582912,64,,1
2025-05-01 02:15:47,MS-CacheAware,16384,,1211545,1.278111832412333,12,32768,262144,12582912,64,,1
2025-05-01 02:16:08,MS-Seq,24576,,1551545,1,12,32768,262144,12582912,64,,1
2025-05-01 02:16:08,MS-Par,24576,,1291454,1.2013939327300855,12,32768,262144,12582912,64,,1
2025-05-01 02:16:09,MS-PMerge,24576,,1088144,1.4258636724551161,12,32768,262144,12582912,64,,1
2025-05-01 02:16:09,MS-CacheAware,24576,,3379140,0.4591538083654421,12,32768,262144,12582912,64,,1
2025-05-01 02:16:47,MS-Seq,32768,,2334310,1,12,32768,262144,12582912,64,,1
2025-05-01 02:16:47,MS-Par,32768,,1335806,1.7474917765004798,12,32768,262144,12582912,64,,1
2025-05-01 02:16:47,MS-PMerge,32768,,1221129,1.9115998391652316,12,32768,262144,12582912,64,,1
2025-05-01 02:16:47,MS-CacheAware,32768,,3474338,0.6718718789018224,12,32768,262144,12582912,64,,1
2025-05-01 02:18:08,MS-Seq,49152,,5603648,1,12,32768,262144,12582912,64,,1
2025-05-01 02:18:08,MS-Par,49152,,1116036,5.021027995512689,12,32768,262144,12582912,64,,1
2025-05-01 02:18:08,MS-PMerge,49152,,1053014,5.321532287320017,12,32768,262144,12582912,64,,1
2025-05-01 02:18:08,MS-CacheAware,49152,,3884647,1.4425115074806025,12,32768,262144,12582912,64,,1
2025-05-01 02:20:36,MS-Seq,65536,,4719874,1,12,32768,262144,12582912,64,,1
2025-05-01 02:20:36,MS-Par,65536,,1430577,3.299279940890983,12,32768,262144,12582912,64,,1
2025-05-01 02:20:36,MS-PMerge,65536,,1624593,2.9052655034214725,12,32768,262144,12582912,64,,1
2025-05-01 02:20:36,MS-CacheAware,65536,,5022673,0.9397135748236048,12,32768,262144,12582912,64,,1
2025-05-01 02:20:38,MS-Seq,4096,,115064,1,12,32768,262144,12582912,64,,1
2025-05-01 02:20:38,MS-Par,4096,,129811,0.8863963762701158,12,32768,262144,12582912,64,,1
2025-05-01 02:20:38,MS-PMerge,4096,,149115,0.7716460449988264,12,32768,262144,12582912,64,,1
2025-05-01 02:20:38,MS-CacheAware,4096,,143335,0.8027627585725747,12,32768,262144,12582912,64,,1
2025-05-01 02:20:41,MS-Seq,8192,,350089,1,12,32768,262144,12582912,64,,1
2025-05-01 02:20:41,MS-Par,8192,,306955,1.140522226384975,12,32768,262144,12582912,64,,1
2025-05-01 02:20:41,MS-PMerge,8192,,245869,1.4238842635712514,12,32768,262144,12582912,64,,1
2025-05-01 02:20:41,MS-CacheAware,8192,,267778,1.3073852220869526,12,32768,262144,12582912,64,,1
2025-05-01 02:20:46,MS-Seq,12288,,1143496,1,12,32768,262144,12582912,64,,1
2025-05-01 02:20:46,MS-Par,12288,,392213,2.915497446540528,12,32768,262144,12582912,64,,1
2025-05-01 02:20:46,MS-PMerge,12288,,460334,2.484057228012704,12,32768,262144,12582912,64,,1
2025-05-01 02:20:46,MS-CacheAware,12288,,553876,2.0645343000960503,12,32768,262144,12582912,64,,1
2025-05-01 02:20:54,MS-Seq,16384,,1083988,1,12,32768,262144,12582912,64,,1
2025-05-01 02:20:55,MS-Par,16384,,1742205,0.6221931403020885,12,32768,262144,12582912,64,,1
2025-05-01 02:20:55,MS-PMerge,16384,,2028994,0.5342489923577891,12,32768,262144,12582912,64,,1
2025-05-01 02:20:55,MS-CacheAware,16384,,2159920,0.5018648838845883,12,32768,262144,12582912,64,,1
2025-05-01 02:21:16,MS-Seq,24576,,1896133,1,12,32768,262144,12582912,64,,1
2025-05-01 02:21:17,MS-Par,24576,,2451983,0.773305932382076,12,32768,262144,12582912,64,,1
2025-05-01 02:21:17,MS-PMerge,24576,,1822786,1.0402389528995724,12,32768,262144,12582912,64,,1
2025-05-01 02:21:17,MS-CacheAware,24576,,3107976,0.6100861139210856,12,32768,262144,12582912,64,,1
2025-05-01 02:21:55,MS-Seq,32768,,4984604,1,12,32768,262144,12582912,64,,1
2025-05-01 02:21:55,MS-Par,32768,,3015802,1.652828667133983,12,32768,262144,12582912,64,,1
2025-05-01 02:21:55,MS-PMerge,32768,,1339538,3.721136690411172,12,32768,262144,12582912,64,,1
2025-05-01 02:21:56,MS-CacheAware,32768,,5228876,0.953284032744322,12,32768,262144,12582912,64,,1
2025-05-01 02:23:11,MS-Seq,49152,,5768848,1,12,32768,262144,12582912,64,,1
2025-05-01 02:23:11,MS-Par,49152,,1217337,4.738907960572956,12,32768,262144,12582912,64,,1
2025-05-01 02:23:11,MS-PMerge,49152,,3453991,1.6701977509495538,12,32768,262144,12582912,64,,1
2025-05-01 02:23:11,MS-CacheAware,49152,,7002236,0.8238579790798254,12,32768,262144,12582912,64,,1
2025-05-01 02:25:34,MS-Seq,65536,,4161479,1,12,32768,262144,12582912,64,,1
2025-05-01 02:25:34,MS-Par,65536,,1404424,2.963121535946409,12,32768,262144,12582912,64,,1
2025-05-01 02:25:34,MS-PMerge,65536,,1703557,2.4428175869665645,12,32768,262144,12582912,64,,1
2025-05-01 02:25:34,MS-CacheAware,65536,,4981052,0.8354618662884868,12,32768,262144,12582912,64,,1
2025-05-01 02:25:35,MS-Seq,4096,,1119818,1,12,32768,262144,12582912,64,,1
2025-05-01 02:25:35,MS-Par,4096,,129304,8.660350801212646,12,32768,262144,12582912,64,,1
2025-05-01 02:25:35,MS-PMerge,4096,,204011,5.489007945649989,12,32768,262144,12582912,64,,1
2025-05-01 02:25:35,MS-CacheAware,4096,,145253,7.709431130510213,12,32768,262144,12582912,64,,1
2025-05-01 02:25:38,MS-Seq,8192,,453515,1,12,32768,262144,12582912,64,,1
2025-05-01 02:25:38,MS-Par,8192,,688531,0.6586704157111299,12,32768,262144,12582912,64,,1
2025-05-01 02:25:38,MS-PMerge,8192,,298027,1.5217245417361513,12,32768,262144,12582912,64,,1
2025-05-01 02:25:38,MS-CacheAware,8192,,234365,1.935079896742261,12,32768,262144,12582912,64,,1
2025-05-01 02:25:43,MS-Seq,12288,,1188482,1,12,32768,262144,12582912,64,,1
2025-05-01 02:25:44,MS-Par,12288,,387607,3.0662036547327576,12,32768,262144,12582912,64,,1
2025-05-01 02:25:44,MS-PMerge,12288,,378383,3.1409497783991354,12,32768,262144,12582912,64,,1
2025-05-01 02:25:44,MS-CacheAware,12288,,1299467,0.914591905758284,12,32768,262144,12582912,64,,1
2025-05-01 02:25:52,MS-Seq,16384,,1844782,1,12,32768,262144,12582912,64,,1
2025-05-01 02:25:52,MS-Par,16384,,513174,3.5948469719822125,12,32768,262144,12582912,64,,1
2025-05-01 02:25:52,MS-PMerge,16384,,490844,3.7583875936142643,12,32768,262144,12582912,64,,1
2025-05-01 02:25:53,MS-CacheAware,16384,,1608739,1.1467254787756125,12,32768,262144,12582912,64,,1
2025-05-01 02:26:13,MS-Seq,24576,,1881621,1,12,32768,262144,12582912,64,,1
2025-05-01 02:26:13,MS-Par,24576,,1828817,1.028873309904709,12,32768,262144,12582912,64,,1
2025-05-01 02:26:13,MS-PMerge,24576,,2322467,0.810182017656225,12,32768,262144,12582912,64,,1
2025-05-01 02:26:14,MS-CacheAware,24576,,6495461,0.2896824413232563,12,32768,262144,12582912,64,,1
2025-05-01 02:26:53,MS-Seq,32768,,5305318,1,12,32768,262144,12582912,64,,1
2025-05-01 02:26:53,MS-Par,32768,,1202954,4.410241788131549,12,32768,262144,12582912,64,,1
2025-05-01 02:26:53,MS-PMerge,32768,,1471431,3.605549971422377,12,32768,262144,12582912,64,,1
2025-05-01 02:26:54,MS-CacheAware,32768,,11353131,0.46729998975612985,12,32768,262144,12582912,64,,1
2025-05-01 02:28:07,MS-Seq,49152,,5782618,1,12,32768,262144,12582912,64,,1
2025-05-01 02:28:07,MS-Par,49152,,2673933,2.162588965392925,12,32768,262144,12582912,64,,1
2025-05-01 02:28:07,MS-PMerge,49152,,3645627,1.5861792772546397,12,32768,262144,12582912,64,,1
2025-05-01 02:28:07,MS-CacheAware,49152,,3952570,1.4630020467695701,12,32768,262144,12582912,64,,1
2025-05-01 02:30:26,MS-Seq,65536,,4174135,1,12,32768,262144,12582912,64,,1
2025-05-01 02:30:26,MS-Par,65536,,1492535,2.7966747848459166,12,32768,262144,12582912,64,,1
2025-05-01 02:30:26,MS-PMerge,65536,,1725215,2.4194868465669495,12,32768,262144,12582912,64,,1
2025-05-01 02:30:26,MS-CacheAware,65536,,7118183,0.586404564198476,12,32768,262144,12582912,64,,1
2025-05-01 02:30:27,MS-Seq,4096,,159686,1,12,32768,262144,12582912,64,,1
2025-05-01 02:30:28,MS-Par,4096,,139754,1.1426220358630164,12,32768,262144,12582912,64,,1
2025-05-01 02:30:28,MS-PMerge,4096,,159780,0.9994116910752284,12,32768,262144,12582912,64,,1
2025-05-01 02:30:28,MS-CacheAware,4096,,209529,0.7621188475103685,12,32768,262144,12582912,64,,1
2025-05-01 02:30:30,MS-Seq,8192,,341758,1,12,32768,262144,12582912,64,,1
2025-05-01 02:30:30,MS-Par,8192,,265559,1.2869381192126796,12,32768,262144,12582912,64,,1
2025-05-01 02:30:31,MS-PMerge,8192,,331007,1.032479675656406,12,32768,262144,12582912,64,,1
2025-05-01 02:30:31,MS-CacheAware,8192,,283331,1.2062146394146775,12,32768,262144,12582912,64,,1
2025-05-01 02:30:36,MS-Seq,12288,,566257,1,12,32768,262144,12582912,64,,1
2025-05-01 02:30:36,MS-Par,12288,,530778,1.0668433883845978,12,32768,262144,12582912,64,,1
2025-05-01 02:30:36,MS-PMerge,12288,,803169,0.7050284560285569,12,32768,262144,12582912,64,,1
2025-05-01 02:30:36,MS-CacheAware,12288,,1572661,0.3600629760641359,12,32768,262144,12582912,64,,1
2025-05-01 02:30:44,MS-Seq,16384,,1042512,1,12,32768,262144,12582912,64,,1
2025-05-01 02:30:44,MS-Par,16384,,569406,1.8308763869716862,12,32768,262144,12582912,64,,1
2025-05-01 02:30:44,MS-PMerge,16384,,1467031,0.7106271101292339,12,32768,262144,12582912,64,,1
2025-05-01 02:30:45,MS-CacheAware,16384,,2066042,0.5045938078703144,12,32768,262144,12582912,64,,1
2025-05-01 02:31:06,MS-Seq,24576,,4120532,1,12,32768,262144,12582912,64,,1
2025-05-01 02:31:06,MS-Par,24576,,5133719,0.8026407366667322,12,32768,262144,12582912,64,,1
2025-05-01 02:31:06,MS-PMerge,24576,,3038252,1.3562179832350971,12,32768,262144,12582912,64,,1
2025-05-01 02:31:06,MS-CacheAware,24576,,6292746,0.6548066615115246,12,32768,262144,12582912,64,,1
2025-05-01 02:31:45,MS-Seq,32768,,4982033,1,12,32768,262144,12582912,64,,1
2025-05-01 02:31:45,MS-Par,32768,,1609057,3.0962439490956504,12,32768,262144,12582912,64,,1
2025-05-01 02:31:45,MS-PMerge,32768,,1272956,3.9137511430088705,12,32768,262144,12582912,64,,1
2025-05-01 02:31:45,MS-CacheAware,32768,,3391297,1.4690641957929371,12,32768,262144,12582912,64,,1
2025-05-01 02:32:58,MS-Seq,49152,,6635338,1,12,32768,262144,12582912,64,,1
2025-05-01 02:32:58,MS-Par,49152,,1219592,5.44062112575353,12,32768,262144,12582912,64,,1
2025-05-01 02:32:58,MS-PMerge,49152,,1491923,4.447507009410003,12,32768,262144,12582912,64,,1
2025-05-01 02:32:58,MS-CacheAware,49152,,3845531,1.7254673021749143,12,32768,262144,12582912,64,,1
2025-05-01 02:35:25,MS-Seq,65536,,27338635,1,12,32768,262144,12582912,64,,1
2025-05-01 02:35:25,MS-Par,65536,,669547,40.83153983215517,12,32768,262144,12582912,64,,1
2025-05-01 02:35:25,MS-PMerge,65536,,795422,34.369975937301206,12,32768,262144,12582912,64,,1
2025-05-01 02:35:26,MS-CacheAware,65536,,2992112,9.136902295101253,12,32768,262144,12582912,64,,1
2025-05-01 02:35:27,MS-Seq,4096,,139654,1,12,32768,262144,12582912,64,,1
2025-05-01 02:35:27,MS-Par,4096,,139797,0.9989770882064708,12,32768,262144,12582912,64,,1
2025-05-01 02:35:27,MS-PMerge,4096,,143589,0.972595393797575,12,32768,262144,12582912,64,,1
2025-05-01 02:35:27,MS-CacheAware,4096,,139848,0.9986127795892683,12,32768,262144,12582912,64,,1
2025-05-01 02:35:30,MS-Seq,8192,,350454,1,12,32768,262144,12582912,64,,1
2025-05-01 02:35:30,MS-Par,8192,,160416,2.1846573907839617,12,32768,262144,12582912,64,,1
2025-05-01 02:35:30,MS-PMerge,8192,,214840,1.631232545149879,12,32768,262144,12582912,64,,1
2025-05-01 02:35:30,MS-CacheAware,8192,,239172,1.4652802167477799,12,32768,262144,12582912,64,,1
2025-05-01 02:35:36,MS-Seq,12288,,1672012,1,12,32768,262144,12582912,64,,1
2025-05-01 02:35:36,MS-Par,12288,,485421,3.444457491538273,12,32768,262144,12582912,64,,1
2025-05-01 02:35:36,MS-PMerge,12288,,360615,4.6365569929148815,12,32768,262144,12582912,64,,1
2025-05-01 02:35:36,MS-CacheAware,12288,,1269764,1.316789576645739,12,32768,262144,12582912,64,,1
2025-05-01 02:35:45,MS-Seq,16384,,1529683,1,12,32768,262144,12582912,64,,1
2025-05-01 02:35:45,MS-Par,16384,,1793694,0.8528115720964669,12,32768,262144,12582912,64,,1
2025-05-01 02:35:45,MS-PMerge,16384,,1442996,1.060074317600326,12,32768,262144,12582912,64,,1
2025-05-01 02:35:45,MS-CacheAware,16384,,1543100,0.9913051649277429,12,32768,262144,12582912,64,,1
2025-05-01 02:36:06,MS-Seq,24576,,1555537,1,12,32768,262144,12582912,64,,1
2025-05-01 02:36:06,MS-Par,24576,,3030260,0.5133344993498907,12,32768,262144,12582912,64,,1
2025-05-01 02:36:06,MS-PMerge,24576,,1680281,0.9257600365653126,12,32768,262144,12582912,64,,1
2025-05-01 02:36:07,MS-CacheAware,24576,,2078514,0.7483889932903988,12,32768,262144,12582912,64,,1
2025-05-01 02:36:44,MS-Seq,32768,,2452200,1,12,32768,262144,12582912,64,,1
2025-05-01 02:36:44,MS-Par,32768,,2327458,1.053595811395952,12,32768,262144,12582912,64,,1
2025-05-01 02:36:44,MS-PMerge,32768,,1369667,1.7903621829247547,12,32768,262144,12582912,64,,1
2025-05-01 02:36:45,MS-CacheAware,32768,,4281323,0.572766876033413,12,32768,262144,12582912,64,,1
2025-05-01 02:37:59,MS-Seq,49152,,7596830,1,12,32768,262144,12582912,64,,1
2025-05-01 02:37:59,MS-Par,49152,,925463,8.208680411858714,12,32768,262144,12582912,64,,1
2025-05-01 02:37:59,MS-PMerge,49152,,3776552,2.011578286225107,12,32768,262144,12582912,64,,1
2025-05-01 02:37:59,MS-CacheAware,49152,,3899374,1.9482178421459444,12,32768,262144,12582912,64,,1
2025-05-01 02:40:21,MS-Seq,65536,,3302726,1,12,32768,262144,12582912,64,,1
2025-05-01 02:40:21,MS-Par,65536,,1462833,2.257760113423747,12,32768,262144,12582912,64,,1
2025-05-01 02:40:21,MS-PMerge,65536,,1497340,2.205728825784391,12,32768,262144,12582912,64,,1
2025-05-01 02:40:22,MS-CacheAware,65536,,5795647,0.5698632094052657,12,32768,262144,12582912,64,,1
2025-05-01 02:40:23,MS-Seq,4096,,144827,1,12,32768,262144,12582912,64,,1
2025-05-01 02:40:23,MS-Par,4096,,173881,0.8329087134304496,12,32768,262144,12582912,64,,1
2025-05-01 02:40:23,MS-PMerge,4096,,150685,0.9611241994890002,12,32768,262144,12582912,64,,1
2025-05-01 02:40:23,MS-CacheAware,4096,,140366,1.031781200575638,12,32768,262144,12582912,64,,1
2025-05-01 02:40:26,MS-Seq,8192,,483632,1,12,32768,262144,12582912,64,,1
2025-05-01 02:40:26,MS-Par,8192,,142899,3.384432361318134,12,32768,262144,12582912,64,,1
2025-05-01 02:40:26,MS-PMerge,8192,,229416,2.1081005683997627,12,32768,262144,12582912,64,,1
2025-05-01 02:40:26,MS-CacheAware,8192,,234686,2.0607620394910646,12,32768,262144,12582912,64,,1
2025-05-01 02:40:32,MS-Seq,12288,,785096,1,12,32768,262144,12582912,64,,1
2025-05-01 02:40:32,MS-Par,12288,,585595,1.3406808459771684,12,32768,262144,12582912,64,,1
2025-05-01 02:40:32,MS-PMerge,12288,,374366,2.0971348893863224,12,32768,262144,12582912,64,,1
2025-05-01 02:40:32,MS-CacheAware,12288,,1904981,0.41212799497737773,12,32768,262144,12582912,64,,1
2025-05-01 02:40:41,MS-Seq,16384,,2113371,1,12,32768,262144,12582912,64,,1
2025-05-01 02:40:41,MS-Par,16384,,826640,2.556579647730572,12,32768,262144,12582912,64,,1
2025-05-01 02:40:41,MS-PMerge,16384,,530849,3.981115157040891,12,32768,262144,12582912,64,,1
2025-05-01 02:40:41,MS-CacheAware,16384,,2627747,0.8042520836290556,12,32768,262144,12582912,64,,1
2025-05-01 02:41:03,MS-Seq,24576,,3588613,1,12,32768,262144,12582912,64,,1
2025-05-01 02:41:03,MS-Par,24576,,247880,14.477218815555915,12,32768,262144,12582912,64,,1
2025-05-01 02:41:03,MS-PMerge,24576,,405969,8.8396232224628,12,32768,262144,12582912,64,,1
2025-05-01 02:41:03,MS-CacheAware,24576,,1050065,3.417515106207711,12,32768,262144,12582912,64,,1
2025-05-01 02:41:42,MS-Seq,32768,,3199194,1,12,32768,262144,12582912,64,,1
2025-05-01 02:41:42,MS-Par,32768,,2153194,1.4857899473990732,12,32768,262144,12582912,64,,1
2025-05-01 02:41:42,MS-PMerge,32768,,1457498,2.1949903190261666,12,32768,262144,12582912,64,,1
2025-05-01 02:41:42,MS-CacheAware,32768,,5303054,0.6032738870846874,12,32768,262144,12582912,64,,1
2025-05-01 02:42:56,MS-Seq,49152,,6271591,1,12,32768,262144,12582912,64,,1
2025-05-01 02:42:56,MS-Par,49152,,1209089,5.1870383404364775,12,32768,262144,12582912,64,,1
2025-05-01 02:42:56,MS-PMerge,49152,,1233765,5.083294630663052,12,32768,262144,12582912,64,,1
2025-05-01 02:42:57,MS-CacheAware,49152,,3879141,1.6167473675228614,12,32768,262144,12582912,64,,1
2025-05-01 02:45:16,MS-Seq,65536,,3426305,1,12,32768,262144,12582912,64,,1
2025-05-01 02:45:16,MS-Par,65536,,2724872,1.2574186970984325,12,32768,262144,12582912,64,,1
2025-05-01 02:45:17,MS-PMerge,65536,,5315914,0.644537326977073,12,32768,262144,12582912,64,,1
2025-05-01 02:45:17,MS-CacheAware,65536,,5178353,0.6616592186743546,12,32768,262144,12582912,64,,1
2025-05-01 02:45:18,MS-Seq,4096,,112559,1,12,32768,262144,12582912,64,,1
2025-05-01 02:45:18,MS-Par,4096,,124082,0.9071339920375235,12,32768,262144,12582912,64,,1
2025-05-01 02:45:18,MS-PMerge,4096,,151006,0.745394222746116,12,32768,262144,12582912,64,,1
2025-05-01 02:45:18,MS-CacheAware,4096,,144652,0.778136493100683,12,32768,262144,12582912,64,,1
2025-05-01 02:45:21,MS-Seq,8192,,231742,1,12,32768,262144,12582912,64,,1
2025-05-01 02:45:21,MS-Par,8192,,245036,0.9457467474167062,12,32768,262144,12582912,64,,1
2025-05-01 02:45:21,MS-PMerge,8192,,233918,0.9906975948836771,12,32768,262144,12582912,64,,1
2025-05-01 02:45:21,MS-CacheAware,8192,,255525,0.9069249584189414,12,32768,262144,12582912,64,,1
2025-05-01 02:45:26,MS-Seq,12288,,545312,1,12,32768,262144,12582912,64,,1
2025-05-01 02:45:27,MS-Par,12288,,344835,1.5813708005277887,12,32768,262144,12582912,64,,1
2025-05-01 02:45:27,MS-PMerge,12288,,377396,1.44493317364254,12,32768,262144,12582912,64,,1
2025-05-01 02:45:27,MS-CacheAware,12288,,2539192,0.21475808052325307,12,32768,262144,12582912,64,,1
2025-05-01 02:45:35,MS-Seq,16384,,882240,1,12,32768,262144,12582912,64,,1
2025-05-01 02:45:35,MS-Par,16384,,535884,1.6463264437826097,12,32768,262144,12582912,64,,1
2025-05-01 02:45:35,MS-PMerge,16384,,507870,1.737137456435702,12,32768,262144,12582912,64,,1
2025-05-01 02:45:35,MS-CacheAware,16384,,1199890,0.7352673995116219,12,32768,262144,12582912,64,,1
2025-05-01 02:45:57,MS-Seq,24576,,1672032,1,12,32768,262144,12582912,64,,1
2025-05-01 02:45:57,MS-Par,24576,,1746413,0.9574092726061934,12,32768,262144,12582912,64,,1
2025-05-01 02:45:57,MS-PMerge,24576,,1208359,1.3837212285421798,12,32768,262144,12582912,64,,1
2025-05-01 02:45:57,MS-CacheAware,24576,,3854966,0.4337345647147082,12,32768,262144,12582912,64,,1
2025-05-01 02:46:34,MS-Seq,32768,,2525791,1,12,32768,262144,12582912,64,,1
2025-05-01 02:46:34,MS-Par,32768,,1913296,1.320125584331959,12,32768,262144,12582912,64,,1
2025-05-01 02:46:35,MS-PMerge,32768,,1551306,1.6281707155132514,12,32768,262144,12582912,64,,1
2025-05-01 02:46:35,MS-CacheAware,32768,,4179205,0.604371166286411,12,32768,262144,12582912,64,,1
2025-05-01 02:47:49,MS-Seq,49152,,4842400,1,12,32768,262144,12582912,64,,1
2025-05-01 02:47:49,MS-Par,49152,,1262548,3.8354185345824474,12,32768,262144,12582912,64,,1
2025-05-01 02:47:49,MS-PMerge,49152,,1172484,4.130035036725448,12,32768,262144,12582912,64,,1
2025-05-01 02:47:49,MS-CacheAware,49152,,3825071,1.265963429175563,12,32768,262144,12582912,64,,1
2025-05-01 02:50:09,MS-Seq,65536,,4125967,1,12,32768,262144,12582912,64,,1
2025-05-01 02:50:09,MS-Par,65536,,1567040,2.632968526648969,12,32768,262144,12582912,64,,1
2025-05-01 02:50:09,MS-PMerge,65536,,1453461,2.8387187547515893,12,32768,262144,12582912,64,,1
2025-05-01 02:50:09,MS-CacheAware,65536,,4822677,0.8555345920948054,12,32768,262144,12582912,64,,1
2025-05-01 02:50:10,MS-Seq,4096,,146585,1,12,32768,262144,12582912,64,,1
2025-05-01 02:50:10,MS-Par,4096,,112449,1.303568728934895,12,32768,262144,12582912,64,,1
2025-05-01 02:50:10,MS-PMerge,4096,,136190,1.0763271899552096,12,32768,262144,12582912,64,,1
2025-05-01 02:50:10,MS-CacheAware,4096,,139913,1.047686776782715,12,32768,262144,12582912,64,,1
2025-05-01 02:50:13,MS-Seq,8192,,466532,1,12,32768,262144,12582912,64,,1
2025-05-01 02:50:13,MS-Par,8192,,381193,1.2238734709189307,12,32768,262144,12582912,64,,1
2025-05-01 02:50:13,MS-PMerge,8192,,174875,2.6678027162258755,12,32768,262144,12582912,64,,1
2025-05-01 02:50:13,MS-CacheAware,8192,,239729,1.9460807828840065,12,32768,262144,12582912,64,,1
2025-05-01 02:50:19,MS-Seq,12288,,1100949,1,12,32768,262144,12582912,64,,1
2025-05-01 02:50:19,MS-Par,12288,,357931,3.075869371471038,12,32768,262144,12582912,64,,1
2025-05-01 02:50:19,MS-PMerge,12288,,1125914,0.9778269032981205,12,32768,262144,12582912,64,,1
2025-05-01 02:50:19,MS-CacheAware,12288,,1301388,0.8459805991756494,12,32768,262144,12582912,64,,1
2025-05-01 02:50:28,MS-Seq,16384,,1079933,1,12,32768,262144,12582912,64,,1
2025-05-01 02:50:28,MS-Par,16384,,591788,1.8248646474751093,12,32768,262144,12582912,64,,1
2025-05-01 02:50:28,MS-PMerge,16384,,954540,1.1313648458943575,12,32768,262144,12582912,64,,1
2025-05-01 02:50:28,MS-CacheAware,16384,,1862458,0.579842874309112,12,32768,262144,12582912,64,,1
2025-05-01 02:50:51,MS-Seq,24576,,1756962,1,12,32768,262144,12582912,64,,1
2025-05-01 02:50:51,MS-Par,24576,,875129,2.0076605848966267,12,32768,262144,12582912,64,,1
2025-05-01 02:50:51,MS-PMerge,24576,,1431850,1.227057303488494,12,32768,262144,12582912,64,,1
2025-05-01 02:50:51,MS-CacheAware,24576,,1035296,1.697062482613668,12,32768,262144,12582912,64,,1
2025-05-01 02:51:29,MS-Seq,32768,,6849629,1,12,32768,262144,12582912,64,,1
2025-05-01 02:51:30,MS-Par,32768,,1191938,5.7466319556889705,12,32768,262144,12582912,64,,1
2025-05-01 02:51:30,MS-PMerge,32768,,3545840,1.9317366265821356,12,32768,262144,12582912,64,,1
2025-05-01 02:51:30,MS-CacheAware,32768,,3057998,2.2399063047130836,12,32768,262144,12582912,64,,1
2025-05-01 02:52:42,MS-Seq,49152,,7756415,1,12,32768,262144,12582912,64,,1
2025-05-01 02:52:42,MS-Par,49152,,3423652,2.2655383783164877,12,32768,262144,12582912,64,,1
2025-05-01 02:52:42,MS-PMerge,49152,,2648424,2.928690798754278,12,32768,262144,12582912,64,,1
2025-05-01 02:52:43,MS-CacheAware,49152,,3990823,1.9435627688825088,12,32768,262144,12582912,64,,1
2025-05-01 02:55:06,MS-Seq,65536,,8276326,1,12,32768,262144,12582912,64,,1
2025-05-01 02:55:06,MS-Par,65536,,3317427,2.494802749239094,12,32768,262144,12582912,64,,1
2025-05-01 02:55:06,MS-PMerge,65536,,2826419,2.928202081856936,12,32768,262144,12582912,64,,1
2025-05-01 02:55:06,MS-CacheAware,65536,,4310810,1.9199004363449097,12,32768,262144,12582912,64,,1
2025-05-01 02:55:07,MS-Seq,4096,,140368,1,12,32768,262144,12582912,64,,1
2025-05-01 02:55:07,MS-Par,4096,,150567,0.9322627136092237,12,32768,262144,12582912,64,,1
2025-05-01 02:55:07,MS-PMerge,4096,,183402,0.7653569753874003,12,32768,262144,12582912,64,,1
2025-05-01 02:55:07,MS-CacheAware,4096,,213856,0.6563669010923238,12,32768,262144,12582912,64,,1
2025-05-01 02:55:10,MS-Seq,8192,,472475,1,12,32768,262144,12582912,64,,1
2025-05-01 02:55:10,MS-Par,8192,,861020,0.5487387052565562,12,32768,262144,12582912,64,,1
2025-05-01 02:55:11,MS-PMerge,8192,,143341,3.2961609030214665,12,32768,262144,12582912,64,,1
2025-05-01 02:55:11,MS-CacheAware,8192,,231228,2.0433295275658656,12,32768,262144,12582912,64,,1
2025-05-01 02:55:16,MS-Seq,12288,,777164,1,12,32768,262144,12582912,64,,1
2025-05-01 02:55:16,MS-Par,12288,,572556,1.3573589308294733,12,32768,262144,12582912,64,,1
2025-05-01 02:55:16,MS-PMerge,12288,,538404,1.4434588153134078,12,32768,262144,12582912,64,,1
2025-05-01 02:55:17,MS-CacheAware,12288,,1231691,0.6309731905161279,12,32768,262144,12582912,64,,1
2025-05-01 02:55:25,MS-Seq,16384,,1053934,1,12,32768,262144,12582912,64,,1
2025-05-01 02:55:25,MS-Par,16384,,557289,1.8911803391059216,12,32768,262144,12582912,64,,1
2025-05-01 02:55:25,MS-PMerge,16384,,445955,2.363319168974448,12,32768,262144,12582912,64,,1
2025-05-01 02:55:26,MS-CacheAware,16384,,2719429,0.3875570937869678,12,32768,262144,12582912,64,,1
2025-05-01 02:55:48,MS-Seq,24576,,3097484,1,12,32768,262144,12582912,64,,1
2025-05-01 02:55:48,MS-Par,24576,,1809327,1.7119536711716568,12,32768,262144,12582912,64,,1
2025-05-01 02:55:48,MS-PMerge,24576,,1779379,1.7407668630460402,12,32768,262144,12582912,64,,1
2025-05-01 02:55:48,MS-CacheAware,24576,,4897689,0.6324378701873475,12,32768,262144,12582912,64,,1
2025-05-01 02:56:23,MS-Seq,32768,,3304160,1,12,32768,262144,12582912,64,,1
2025-05-01 02:56:23,MS-Par,32768,,2611784,1.2650969605449762,12,32768,262144,12582912,64,,1
2025-05-01 02:56:23,MS-PMerge,32768,,1380351,2.3937100056434923,12,32768,262144,12582912,64,,1
2025-05-01 02:56:23,MS-CacheAware,32768,,4672450,0.7071579150124667,12,32768,262144,12582912,64,,1
2025-05-01 02:57:38,MS-Seq,49152,,4948914,1,12,32768,262144,12582912,64,,1
2025-05-01 02:57:38,MS-Par,49152,,918417,5.388526127020732,12,32768,262144,12582912,64,,1
2025-05-01 02:57:38,MS-PMerge,49152,,1420250,3.484537229361028,12,32768,262144,12582912,64,,1
2025-05-01 02:57:38,MS-CacheAware,49152,,3267926,1.5143898607251205,12,32768,262144,12582912,64,,1
2025-05-01 02:59:55,MS-Seq,65536,,4005122,1,12,32768,262144,12582912,64,,1
2025-05-01 02:59:56,MS-Par,65536,,1517944,2.638517626473704,12,32768,262144,12582912,64,,1
2025-05-01 02:59:56,MS-PMerge,65536,,1681065,2.382490861447951,12,32768,262144,12582912,64,,1
2025-05-01 02:59:56,MS-CacheAware,65536,,4125862,0.9707358122981331,12,32768,262144,12582912,64,,1
2025-05-01 02:59:57,MS-Seq,4096,,146553,1,12,32768,262144,12582912,64,,1
2025-05-01 02:59:57,MS-Par,4096,,118699,1.234660780629997,12,32768,262144,12582912,64,,1
2025-05-01 02:59:57,MS-PMerge,4096,,113036,1.2965161541455819,12,32768,262144,12582912,64,,1
2025-05-01 02:59:57,MS-CacheAware,4096,,112344,1.3045022431104465,12,32768,262144,12582912,64,,1
2025-05-01 03:00:00,MS-Seq,8192,,440468,1,12,32768,262144,12582912,64,,1
2025-05-01 03:00:00,MS-Par,8192,,176894,2.490010967019797,12,32768,262144,12582912,64,,1
2025-05-01 03:00:00,MS-PMerge,8192,,248975,1.7691254141982127,12,32768,262144,12582912,64,,1
2025-05-01 03:00:00,MS-CacheAware,8192,,294925,1.4934915656522845,12,32768,262144,12582912,64,,1
2025-05-01 03:00:06,MS-Seq,12288,,746653,1,12,32768,262144,12582912,64,,1
2025-05-01 03:00:06,MS-Par,12288,,387270,1.927990807447001,12,32768,262144,12582912,64,,1
2025-05-01 03:00:06,MS-PMerge,12288,,144992,5.149615151180755,12,32768,262144,12582912,64,,1
2025-05-01 03:00:06,MS-CacheAware,12288,,681514,1.0955798413532223,12,32768,262144,12582912,64,,1
2025-05-01 03:00:15,MS-Seq,16384,,1601945,1,12,32768,262144,12582912,64,,1
2025-05-01 03:00:15,MS-Par,16384,,705519,2.2705908699836574,12,32768,262144,12582912,64,,1
2025-05-01 03:00:15,MS-PMerge,16384,,546006,2.933932960443658,12,32768,262144,12582912,64,,1
2025-05-01 03:00:15,MS-CacheAware,16384,,2418803,0.6622883302195343,12,32768,262144,12582912,64,,1
2025-05-01 03:00:37,MS-Seq,24576,,4265025,1,12,32768,262144,12582912,64,,1
2025-05-01 03:00:37,MS-Par,24576,,1728800,2.467043614067561,12,32768,262144,12582912,64,,1
2025-05-01 03:00:37,MS-PMerge,24576,,741149,5.754612095543541,12,32768,262144,12582912,64,,1
2025-05-01 03:00:37,MS-CacheAware,24576,,2951574,1.4450001931172995,12,32768,262144,12582912,64,,1
2025-05-01 03:01:18,MS-Seq,32768,,2739229,1,12,32768,262144,12582912,64,,1
2025-05-01 03:01:18,MS-Par,32768,,2590909,1.0572463177981164,12,32768,262144,12582912,64,,1
2025-05-01 03:01:18,MS-PMerge,32768,,1376056,1.990637735673548,12,32768,262144,12582912,64,,1
2025-05-01 03:01:18,MS-CacheAware,32768,,7862814,0.3483776927700439,12,32768,262144,12582912,64,,1
2025-05-01 03:02:33,MS-Seq,49152,,4393603,1,12,32768,262144,12582912,64,,1
2025-05-01 03:02:33,MS-Par,49152,,1410937,3.113961147804615,12,32768,262144,12582912,64,,1
2025-05-01 03:02:33,MS-PMerge,49152,,1293406,3.396924863499937,12,32768,262144,12582912,64,,1
2025-05-01 03:02:33,MS-CacheAware,49152,,4095990,1.0726596012197296,12,32768,262144,12582912,64,,1
2025-05-01 03:04:51,MS-Seq,65536,,3515582,1,12,32768,262144,12582912,64,,1
2025-05-01 03:04:51,MS-Par,65536,,2646905,1.32818593791617,12,32768,262144,12582912,64,,1
2025-05-01 03:04:51,MS-PMerge,65536,,3800772,0.9249652439030808,12,32768,262144,12582912,64,,1
2025-05-01 03:04:51,MS-CacheAware,65536,,5001192,0.7029488170020267,12,32768,262144,12582912,64,,1
2025-05-01 03:04:52,MS-Seq,4096,,183348,1,12,32768,262144,12582912,64,,1
2025-05-01 03:04:52,MS-Par,4096,,142692,1.2849213691026826,12,32768,262144,12582912,64,,1
2025-05-01 03:04:52,MS-PMerge,4096,,132280,1.3860598729966738,12,32768,262144,12582912,64,,1
2025-05-01 03:04:53,MS-CacheAware,4096,,157768,1.162136808478272,12,32768,262144,12582912,64,,1
2025-05-01 03:04:55,MS-Seq,8192,,365920,1,12,32768,262144,12582912,64,,1
2025-05-01 03:04:55,MS-Par,8192,,269429,1.358131455782414,12,32768,262144,12582912,64,,1
2025-05-01 03:04:55,MS-PMerge,8192,,146950,2.4900986730180334,12,32768,262144,12582912,64,,1
2025-05-01 03:04:55,MS-CacheAware,8192,,239537,1.5276136880732414,12,32768,262144,12582912,64,,1
2025-05-01 03:05:00,MS-Seq,12288,,559883,1,12,32768,262144,12582912,64,,1
2025-05-01 03:05:00,MS-Par,12288,,163157,3.43155978597302,12,32768,262144,12582912,64,,1
2025-05-01 03:05:00,MS-PMerge,12288,,224006,2.49941073006973,12,32768,262144,12582912,64,,1
2025-05-01 03:05:00,MS-CacheAware,12288,,672338,0.8327403776076914,12,32768,262144,12582912,64,,1
2025-05-01 03:05:09,MS-Seq,16384,,1046118,1,12,32768,262144,12582912,64,,1
2025-05-01 03:05:09,MS-Par,16384,,469619,2.2275887474740164,12,32768,262144,12582912,64,,1
2025-05-01 03:05:09,MS-PMerge,16384,,549839,1.9025896671571132,12,32768,262144,12582912,64,,1
2025-05-01 03:05:09,MS-CacheAware,16384,,1194139,0.8760437436512835,12,32768,262144,12582912,64,,1
2025-05-01 03:05:31,MS-Seq,24576,,2411872,1,12,32768,262144,12582912,64,,1
2025-05-01 03:05:31,MS-Par,24576,,1622211,1.4867806962226247,12,32768,262144,12582912,64,,1
2025-05-01 03:05:31,MS-PMerge,24576,,1333365,1.8088610395503106,12,32768,262144,12582912,64,,1
2025-05-01 03:05:31,MS-CacheAware,24576,,2828222,0.8527873695912132,12,32768,262144,12582912,64,,1
2025-05-01 03:06:07,MS-Seq,32768,,2192380,1,12,32768,262144,12582912,64,,1
2025-05-01 03:06:08,MS-Par,32768,,1138170,1.9262324608801848,12,32768,262144,12582912,64,,1
2025-05-01 03:06:08,MS-PMerge,32768,,2847587,0.7699079957873104,12,32768,262144,12582912,64,,1
2025-05-01 03:06:08,MS-CacheAware,32768,,3185036,0.6883375886489195,12,32768,262144,12582912,64,,1
2025-05-01 03:07:23,MS-Seq,49152,,5908899,1,12,32768,262144,12582912,64,,1
2025-05-01 03:07:23,MS-Par,49152,,3168404,1.864944937577405,12,32768,262144,12582912,64,,1
2025-05-01 03:07:23,MS-PMerge,49152,,1280171,4.615710713646849,12,32768,262144,12582912,64,,1
2025-05-01 03:07:23,MS-CacheAware,49152,,3806796,1.5521974384758206,12,32768,262144,12582912,64,,1
2025-05-01 03:09:43,MS-Seq,65536,,3564086,1,12,32768,262144,12582912,64,,1
2025-05-01 03:09:43,MS-Par,65536,,3686001,0.9669248597599404,12,32768,262144,12582912,64,,1
2025-05-01 03:09:43,MS-PMerge,65536,,3626413,0.9828130441844324,12,32768,262144,12582912,64,,1
2025-05-01 03:09:44,MS-CacheAware,65536,,5424703,0.6570103469259054,12,32768,262144,12582912,64,,1
2025-05-01 03:09:45,MS-Seq,4096,,183390,1,12,32768,262144,12582912,64,,1
2025-05-01 03:09:45,MS-Par,4096,,187884,0.9760809861403845,12,32768,262144,12582912,64,,1
2025-05-01 03:09:45,MS-PMerge,4096,,149460,1.2270172621437174,12,32768,262144,12582912,64,,1
2025-05-01 03:09:45,MS-CacheAware,4096,,151506,1.2104471110055048,12,32768,262144,12582912,64,,1
2025-05-01 03:09:48,MS-Seq,8192,,460704,1,12,32768,262144,12582912,64,,1
2025-05-01 03:09:48,MS-Par,8192,,146305,3.1489286080448378,12,32768,262144,12582912,64,,1
2025-05-01 03:09:48,MS-PMerge,8192,,233957,1.9691823711194791,12,32768,262144,12582912,64,,1
2025-05-01 03:09:48,MS-CacheAware,8192,,297757,1.5472482594867627,12,32768,262144,12582912,64,,1
2025-05-01 03:09:53,MS-Seq,12288,,561551,1,12,32768,262144,12582912,64,,1
2025-05-01 03:09:53,MS-Par,12288,,784248,0.7160375289449256,12,32768,262144,12582912,64,,1
2025-05-01 03:09:54,MS-PMerge,12288,,404573,1.3880090861229,12,32768,262144,12582912,64,,1
2025-05-01 03:09:54,MS-CacheAware,12288,,2468617,0.22747595110946736,12,32768,262144,12582912,64,,1
2025-05-01 03:10:02,MS-Seq,16384,,855034,1,12,32768,262144,12582912,64,,1
2025-05-01 03:10:02,MS-Par,16384,,463767,1.8436714988345442,12,32768,262144,12582912,64,,1
2025-05-01 03:10:03,MS-PMerge,16384,,1932149,0.4425300533240449,12,32768,262144,12582912,64,,1
2025-05-01 03:10:03,MS-CacheAware,16384,,1503567,0.5686703685303016,12,32768,262144,12582912,64,,1
2025-05-01 03:10:25,MS-Seq,24576,,1005439,1,12,32768,262144,12582912,64,,1
2025-05-01 03:10:25,MS-Par,24576,,425811,2.3612330353137896,12,32768,262144,12582912,64,,1
2025-05-01 03:10:25,MS-PMerge,24576,,489086,2.0557509313290505,12,32768,262144,12582912,64,,1
2025-05-01 03:10:25,MS-CacheAware,24576,,1055730,0.9523637672510964,12,32768,262144,12582912,64,,1
2025-05-01 03:11:04,MS-Seq,32768,,2742077,1,12,32768,262144,12582912,64,,1
2025-05-01 03:11:04,MS-Par,32768,,1851568,1.4809485797983115,12,32768,262144,12582912,64,,1
2025-05-01 03:11:04,MS-PMerge,32768,,1965523,1.3950877196552776,12,32768,262144,12582912,64,,1
2025-05-01 03:11:04,MS-CacheAware,32768,,3214774,0.8529610479616918,12,32768,262144,12582912,64,,1
2025-05-01 03:12:16,MS-Seq,49152,,6788595,1,12,32768,262144,12582912,64,,1
2025-05-01 03:12:16,MS-Par,49152,,1459587,4.6510382731553515,12,32768,262144,12582912,64,,1
2025-05-01 03:12:16,MS-PMerge,49152,,3034138,2.2374048246981517,12,32768,262144,12582912,64,,1
2025-05-01 03:12:16,MS-CacheAware,49152,,3939284,1.7233068242858347,12,32768,262144,12582912,64,,1
2025-05-01 03:14:32,MS-Seq,65536,,4309307,1,12,32768,262144,12582912,64,,1
2025-05-01 03:14:32,MS-Par,65536,,1939065,2.222363355534755,12,32768,262144,12582912,64,,1
2025-05-01 03:14:32,MS-PMerge,65536,,1532026,2.812815839940053,12,32768,262144,12582912,64,,1
2025-05-01 03:14:32,MS-CacheAware,65536,,5111593,0.8430457980516054,12,32768,262144,12582912,64,,1
2025-05-01 03:14:34,MS-Seq,4096,,112521,1,12,32768,262144,12582912,64,,1
2025-05-01 03:14:34,MS-Par,4096,,129326,0.8700570650913196,12,32768,262144,12582912,64,,1
2025-05-01 03:14:34,MS-PMerge,4096,,148433,0.7580591916891797,12,32768,262144,12582912,64,,1
2025-05-01 03:14:34,MS-CacheAware,4096,,136423,0.8247949392697712,12,32768,262144,12582912,64,,1
2025-05-01 03:14:37,MS-Seq,8192,,436219,1,12,32768,262144,12582912,64,,1
2025-05-01 03:14:37,MS-Par,8192,,253363,1.721715483318401,12,32768,262144,12582912,64,,1
2025-05-01 03:14:37,MS-PMerge,8192,,143855,3.0323520211323904,12,32768,262144,12582912,64,,1
2025-05-01 03:14:37,MS-CacheAware,8192,,231756,1.8822339011719222,12,32768,262144,12582912,64,,1
2025-05-01 03:14:42,MS-Seq,12288,,487579,1,12,32768,262144,12582912,64,,1
2025-05-01 03:14:42,MS-Par,12288,,319934,1.5239986997318198,12,32768,262144,12582912,64,,1
2025-05-01 03:14:42,MS-PMerge,12288,,330954,1.473253080488527,12,32768,262144,12582912,64,,1
2025-05-01 03:14:43,MS-CacheAware,12288,,553867,0.8803178380369294,12,32768,262144,12582912,64,,1
2025-05-01 03:14:51,MS-Seq,16384,,892502,1,12,32768,262144,12582912,64,,1
2025-05-01 03:14:51,MS-Par,16384,,562032,1.5879914310928915,12,32768,262144,12582912,64,,1
2025-05-01 03:14:51,MS-PMerge,16384,,538902,1.6561489844164616,12,32768,262144,12582912,64,,1
2025-05-01 03:14:52,MS-CacheAware,16384,,1176734,0.7584568815042312,12,32768,262144,12582912,64,,1
2025-05-01 03:15:16,MS-Seq,24576,,2860119,1,12,32768,262144,12582912,64,,1
2025-05-01 03:15:16,MS-Par,24576,,2321567,1.2319777977547062,12,32768,262144,12582912,64,,1
2025-05-01 03:15:16,MS-PMerge,24576,,2693028,1.0620457715255838,12,32768,262144,12582912,64,,1
2025-05-01 03:15:17,MS-CacheAware,24576,,5706854,0.5011726250575186,12,32768,262144,12582912,64,,1
2025-05-01 03:15:54,MS-Seq,32768,,3935722,1,12,32768,262144,12582912,64,,1
2025-05-01 03:15:54,MS-Par,32768,,1067633,3.686399727247097,12,32768,262144,12582912,64,,1
2025-05-01 03:15:54,MS-PMerge,32768,,2547198,1.5451182043955751,12,32768,262144,12582912,64,,1
2025-05-01 03:15:54,MS-CacheAware,32768,,6339330,0.6208419501745452,12,32768,262144,12582912,64,,1
2025-05-01 03:17:06,MS-Seq,49152,,9752397,1,12,32768,262144,12582912,64,,1
2025-05-01 03:17:06,MS-Par,49152,,1159572,8.410341919259865,12,32768,262144,12582912,64,,1
2025-05-01 03:17:06,MS-PMerge,49152,,2246517,4.341118718442816,12,32768,262144,12582912,64,,1
2025-05-01 03:17:07,MS-CacheAware,49152,,4862487,2.005639706594588,12,32768,262144,12582912,64,,1
2025-05-01 03:19:29,MS-Seq,65536,,6300051,1,12,32768,262144,12582912,64,,1
2025-05-01 03:19:29,MS-Par,65536,,2703038,2.3307297196709778,12,32768,262144,12582912,64,,1
2025-05-01 03:19:29,MS-PMerge,65536,,3153746,1.9976405836107283,12,32768,262144,12582912,64,,1
2025-05-01 03:19:30,MS-CacheAware,65536,,5118084,1.2309393515229528,12,32768,262144,12582912,64,,1
2025-05-01 03:19:31,MS-Seq,4096,,113051,1,12,32768,262144,12582912,64,,1
2025-05-01 03:19:31,MS-Par,4096,,113534,0.9957457677876231,12,32768,262144,12582912,64,,1
2025-05-01 03:19:31,MS-PMerge,4096,,113220,0.998507330860272,12,32768,262144,12582912,64,,1
2025-05-01 03:19:31,MS-CacheAware,4096,,190880,0.592262154233026,12,32768,262144,12582912,64,,1
2025-05-01 03:19:34,MS-Seq,8192,,237091,1,12,32768,262144,12582912,64,,1
2025-05-01 03:19:34,MS-Par,8192,,197772,1.1988097405092732,12,32768,262144,12582912,64,,1
2025-05-01 03:19:34,MS-PMerge,8192,,255627,0.9274880978926326,12,32768,262144,12582912,64,,1
2025-05-01 03:19:34,MS-CacheAware,8192,,236781,1.0013092266693695,12,32768,262144,12582912,64,,1
2025-05-01 03:19:39,MS-Seq,12288,,804457,1,12,32768,262144,12582912,64,,1
2025-05-01 03:19:39,MS-Par,12288,,380912,2.1119234888898224,12,32768,262144,12582912,64,,1
2025-05-01 03:19:40,MS-PMerge,12288,,361281,2.2266795098552095,12,32768,262144,12582912,64,,1
2025-05-01 03:19:40,MS-CacheAware,12288,,1129901,0.7119712257976584,12,32768,262144,12582912,64,,1
2025-05-01 03:19:48,MS-Seq,16384,,896748,1,12,32768,262144,12582912,64,,1
2025-05-01 03:19:48,MS-Par,16384,,1063039,0.8435701794571977,12,32768,262144,12582912,64,,1
2025-05-01 03:19:48,MS-PMerge,16384,,718867,1.2474463287367483,12,32768,262144,12582912,64,,1
2025-05-01 03:19:48,MS-CacheAware,16384,,1828560,0.49041212757579733,12,32768,262144,12582912,64,,1
2025-05-01 03:20:09,MS-Seq,24576,,2784735,1,12,32768,262144,12582912,64,,1
2025-05-01 03:20:09,MS-Par,24576,,1178439,2.363070977793505,12,32768,262144,12582912,64,,1
2025-05-01 03:20:09,MS-PMerge,24576,,1518936,1.8333458420894626,12,32768,262144,12582912,64,,1
2025-05-01 03:20:10,MS-CacheAware,24576,,3672050,0.7583597717895998,12,32768,262144,12582912,64,,1
2025-05-01 03:20:48,MS-Seq,32768,,3633619,1,12,32768,262144,12582912,64,,1
2025-05-01 03:20:48,MS-Par,32768,,2486490,1.461344706795523,12,32768,262144,12582912,64,,1
2025-05-01 03:20:48,MS-PMerge,32768,,3046325,1.1927877032161702,12,32768,262144,12582912,64,,1
2025-05-01 03:20:49,MS-CacheAware,32768,,3795071,0.9574574494126724,12,32768,262144,12582912,64,,1
2025-05-01 03:22:02,MS-Seq,49152,,6631669,1,12,32768,262144,12582912,64,,1
2025-05-01 03:22:03,MS-Par,49152,,3055607,2.1703278595709463,12,32768,262144,12582912,64,,1
2025-05-01 03:22:03,MS-PMerge,49152,,2519354,2.6322894678556485,12,32768,262144,12582912,64,,1
2025-05-01 03:22:03,MS-CacheAware,49152,,3873214,1.7121876044029585,12,32768,262144,12582912,64,,1
2025-05-01 03:24:20,MS-Seq,65536,,3640725,1,12,32768,262144,12582912,64,,1
2025-05-01 03:24:20,MS-Par,65536,,1737735,2.0950979292009424,12,32768,262144,12582912,64,,1
2025-05-01 03:24:21,MS-PMerge,65536,,1593910,2.284147160128238,12,32768,262144,12582912,64,,1
2025-05-01 03:24:21,MS-CacheAware,65536,,5179123,0.7029616790333035,12,32768,262144,12582912,64,,1
2025-05-01 03:24:22,MS-Seq,4096,,181934,1,12,32768,262144,12582912,64,,1
2025-05-01 03:24:22,MS-Par,4096,,111418,1.632895941409826,12,32768,262144,12582912,64,,1
2025-05-01 03:24:22,MS-PMerge,4096,,154243,1.1795284064754965,12,32768,262144,12582912,64,,1
2025-05-01 03:24:22,MS-CacheAware,4096,,146959,1.2379915486632327,12,32768,262144,12582912,64,,1
2025-05-01 03:24:25,MS-Seq,8192,,317929,1,12,32768,262144,12582912,64,,1
2025-05-01 03:24:25,MS-Par,8192,,239049,1.329974189392133,12,32768,262144,12582912,64,,1
2025-05-01 03:24:25,MS-PMerge,8192,,227356,1.398375235313781,12,32768,262144,12582912,64,,1
2025-05-01 03:24:25,MS-CacheAware,8192,,231010,1.37625643911519,12,32768,262144,12582912,64,,1
2025-05-01 03:24:31,MS-Seq,12288,,480034,1,12,32768,262144,12582912,64,,1
2025-05-01 03:24:31,MS-Par,12288,,272546,1.7612953409699648,12,32768,262144,12582912,64,,1
2025-05-01 03:24:31,MS-PMerge,12288,,330243,1.4535781227762588,12,32768,262144,12582912,64,,1
2025-05-01 03:24:31,MS-CacheAware,12288,,687004,0.6987353785421919,12,32768,262144,12582912,64,,1
2025-05-01 03:24:40,MS-Seq,16384,,808248,1,12,32768,262144,12582912,64,,1
2025-05-01 03:24:40,MS-Par,16384,,840175,0.9619995834201208,12,32768,262144,12582912,64,,1
2025-05-01 03:24:40,MS-PMerge,16384,,903787,0.8942903582370625,12,32768,262144,12582912,64,,1
2025-05-01 03:24:40,MS-CacheAware,16384,,863446,0.9360724353346938,12,32768,262144,12582912,64,,1
2025-05-01 03:25:02,MS-Seq,24576,,3430557,1,12,32768,262144,12582912,64,,1
2025-05-01 03:25:03,MS-Par,24576,,1475561,2.3249170993269677,12,32768,262144,12582912,64,,1
2025-05-01 03:25:03,MS-PMerge,24576,,2569066,1.3353323737109128,12,32768,262144,12582912,64,,1
2025-05-01 03:25:03,MS-CacheAware,24576,,1677251,2.045345031840792,12,32768,262144,12582912,64,,1
2025-05-01 03:25:41,MS-Seq,32768,,4459385,1,12,32768,262144,12582912,64,,1
2025-05-01 03:25:41,MS-Par,32768,,3373615,1.3218417039288715,12,32768,262144,12582912,64,,1
2025-05-01 03:25:41,MS-PMerge,32768,,5634113,0.7914972596396274,12,32768,262144,12582912,64,,1
2025-05-01 03:25:42,MS-CacheAware,32768,,4556387,0.9787107635940494,12,32768,262144,12582912,64,,1
2025-05-01 03:26:54,MS-Seq,49152,,9985599,1,12,32768,262144,12582912,64,,1
2025-05-01 03:26:54,MS-Par,49152,,1268366,7.872805641273891,12,32768,262144,12582912,64,,1
2025-05-01 03:26:55,MS-PMerge,49152,,1429254,6.986581111544904,12,32768,262144,12582912,64,,1
2025-05-01 03:26:55,MS-CacheAware,49152,,5254386,1.9004311826348501,12,32768,262144,12582912,64,,1
2025-05-01 03:29:18,MS-Seq,65536,,3914676,1,12,32768,262144,12582912,64,,1
2025-05-01 03:29:18,MS-Par,65536,,1518344,2.5782536763737336,12,32768,262144,12582912,64,,1
2025-05-01 03:29:19,MS-PMerge,65536,,1452475,2.695176164822114,12,32768,262144,12582912,64,,1
2025-05-01 03:29:19,MS-CacheAware,65536,,5571379,0.7026404055441211,12,32768,262144,12582912,64,,1
2025-05-01 03:29:20,MS-Seq,4096,,137638,1,12,32768,262144,12582912,64,,1
2025-05-01 03:29:20,MS-Par,4096,,116693,1.1794880584096732,12,32768,262144,12582912,64,,1
2025-05-01 03:29:20,MS-PMerge,4096,,145012,0.9491490359418531,12,32768,262144,12582912,64,,1
2025-05-01 03:29:20,MS-CacheAware,4096,,135924,1.012609987934434,12,32768,262144,12582912,64,,1
2025-05-01 03:29:23,MS-Seq,8192,,338501,1,12,32768,262144,12582912,64,,1
2025-05-01 03:29:23,MS-Par,8192,,156673,2.1605573391713953,12,32768,262144,12582912,64,,1
2025-05-01 03:29:23,MS-PMerge,8192,,245266,1.38013829882658,12,32768,262144,12582912,64,,1
2025-05-01 03:29:23,MS-CacheAware,8192,,236989,1.4283405558907798,12,32768,262144,12582912,64,,1
2025-05-01 03:29:28,MS-Seq,12288,,871933,1,12,32768,262144,12582912,64,,1
2025-05-01 03:29:28,MS-Par,12288,,350695,2.486300061306834,12,32768,262144,12582912,64,,1
2025-05-01 03:29:28,MS-PMerge,12288,,343778,2.536325768373776,12,32768,262144,12582912,64,,1
2025-05-01 03:29:28,MS-CacheAware,12288,,711439,1.2255906690524416,12,32768,262144,12582912,64,,1
2025-05-01 03:29:36,MS-Seq,16384,,1627008,1,12,32768,262144,12582912,64,,1
2025-05-01 03:29:36,MS-Par,16384,,486078,3.3472158789330106,12,32768,262144,12582912,64,,1
2025-05-01 03:29:36,MS-PMerge,16384,,512062,3.1773652409278563,12,32768,262144,12582912,64,,1
2025-05-01 03:29:37,MS-CacheAware,16384,,1826104,0.8909722556875184,12,32768,262144,12582912,64,,1
2025-05-01 03:29:57,MS-Seq,24576,,1346826,1,12,32768,262144,12582912,64,,1
2025-05-01 03:29:58,MS-Par,24576,,2317475,0.5811609618226734,12,32768,262144,12582912,64,,1
2025-05-01 03:29:58,MS-PMerge,24576,,301345,4.469382269491779,12,32768,262144,12582912,64,,1
2025-05-01 03:29:58,MS-CacheAware,24576,,1057683,1.2733739693272936,12,32768,262144,12582912,64,,1
2025-05-01 03:30:35,MS-Seq,32768,,5080026,1,12,32768,262144,12582912,64,,1
2025-05-01 03:30:35,MS-Par,32768,,1890004,2.687838755896813,12,32768,262144,12582912,64,,1
2025-05-01 03:30:35,MS-PMerge,32768,,1510209,3.363790044954043,12,32768,262144,12582912,64,,1
2025-05-01 03:30:35,MS-CacheAware,32768,,5809953,0.8743661093299722,12,32768,262144,12582912,64,,1
2025-05-01 03:31:49,MS-Seq,49152,,6362473,1,12,32768,262144,12582912,64,,1
2025-05-01 03:31:50,MS-Par,49152,,3422179,1.8591876696105025,12,32768,262144,12582912,64,,1
2025-05-01 03:31:50,MS-PMerge,49152,,1888967,3.3682287726572246,12,32768,262144,12582912,64,,1
2025-05-01 03:31:50,MS-CacheAware,49152,,3197472,1.9898447898840084,12,32768,262144,12582912,64,,1
2025-05-01 03:34:12,MS-Seq,65536,,3337970,1,12,32768,262144,12582912,64,,1
2025-05-01 03:34:12,MS-Par,65536,,1794368,1.8602482879766022,12,32768,262144,12582912,64,,1
2025-05-01 03:34:12,MS-PMerge,65536,,1517412,2.1997783067485956,12,32768,262144,12582912,64,,1
2025-05-01 03:34:12,MS-CacheAware,65536,,5248187,0.6360234496217456,12,32768,262144,12582912,64,,1
2025-05-01 03:34:13,MS-Seq,4096,,139429,1,12,32768,262144,12582912,64,,1
2025-05-01 03:34:13,MS-Par,4096,,114290,1.219958001574941,12,32768,262144,12582912,64,,1
2025-05-01 03:34:13,MS-PMerge,4096,,200139,0.6966608207295929,12,32768,262144,12582912,64,,1
2025-05-01 03:34:13,MS-CacheAware,4096,,174527,0.7988964458221364,12,32768,262144,12582912,64,,1
2025-05-01 03:34:16,MS-Seq,8192,,344119,1,12,32768,262144,12582912,64,,1
2025-05-01 03:34:16,MS-Par,8192,,715729,0.4807951054100085,12,32768,262144,12582912,64,,1
2025-05-01 03:34:16,MS-PMerge,8192,,138785,2.479511474582988,12,32768,262144,12582912,64,,1
2025-05-01 03:34:16,MS-CacheAware,8192,,290062,1.1863636050223745,12,32768,262144,12582912,64,,1
2025-05-01 03:34:21,MS-Seq,12288,,489715,1,12,32768,262144,12582912,64,,1
2025-05-01 03:34:21,MS-Par,12288,,295094,1.6595220506008255,12,32768,262144,12582912,64,,1
2025-05-01 03:34:21,MS-PMerge,12288,,298911,1.6383304729501424,12,32768,262144,12582912,64,,1
2025-05-01 03:34:21,MS-CacheAware,12288,,541645,0.9041253957850621,12,32768,262144,12582912,64,,1
2025-05-01 03:34:29,MS-Seq,16384,,1076429,1,12,32768,262144,12582912,64,,1
2025-05-01 03:34:29,MS-Par,16384,,1140444,0.9438683530274173,12,32768,262144,12582912,64,,1
2025-05-01 03:34:30,MS-PMerge,16384,,473280,2.274402045300879,12,32768,262144,12582912,64,,1
2025-05-01 03:34:30,MS-CacheAware,16384,,1548888,0.6949689067253411,12,32768,262144,12582912,64,,1
2025-05-01 03:34:51,MS-Seq,24576,,2342779,1,12,32768,262144,12582912,64,,1
2025-05-01 03:34:51,MS-Par,24576,,1416507,1.6539127586379736,12,32768,262144,12582912,64,,1
2025-05-01 03:34:51,MS-PMerge,24576,,1514611,1.5467859404163842,12,32768,262144,12582912,64,,1
2025-05-01 03:34:51,MS-CacheAware,24576,,7904914,0.2963699541829298,12,32768,262144,12582912,64,,1
2025-05-01 03:35:26,MS-Seq,32768,,3247345,1,12,32768,262144,12582912,64,,1
2025-05-01 03:35:26,MS-Par,32768,,3696793,0.8784221891785664,12,32768,262144,12582912,64,,1
2025-05-01 03:35:26,MS-PMerge,32768,,1781423,1.8228938326270627,12,32768,262144,12582912,64,,1
2025-05-01 03:35:27,MS-CacheAware,32768,,4082548,0.7954211438542792,12,32768,262144,12582912,64,,1
2025-05-01 03:36:43,MS-Seq,49152,,5421811,1,12,32768,262144,12582912,64,,1
2025-05-01 03:36:43,MS-Par,49152,,4173716,1.2990368774492562,12,32768,262144,12582912,64,,1
2025-05-01 03:36:44,MS-PMerge,49152,,1220903,4.4408204419188095,12,32768,262144,12582912,64,,1
2025-05-01 03:36:44,MS-CacheAware,49152,,3911328,1.3861816242462919,12,32768,262144,12582912,64,,1
2025-05-01 03:39:05,MS-Seq,65536,,3562625,1,12,32768,262144,12582912,64,,1
2025-05-01 03:39:05,MS-Par,65536,,3907822,0.9116651167837225,12,32768,262144,12582912,64,,1
2025-05-01 03:39:05,MS-PMerge,65536,,1773240,2.0091048025084026,12,32768,262144,12582912,64,,1
2025-05-01 03:39:05,MS-CacheAware,65536,,5540049,0.6430674169127385,12,32768,262144,12582912,64,,1
2025-05-01 03:39:06,MS-Seq,4096,,140165,1,12,32768,262144,12582912,64,,1
2025-05-01 03:39:07,MS-Par,4096,,155450,0.9016725635252493,12,32768,262144,12582912,64,,1
2025-05-01 03:39:07,MS-PMerge,4096,,109556,1.2793913614954908,12,32768,262144,12582912,64,,1
2025-05-01 03:39:07,MS-CacheAware,4096,,113343,1.236644521496696,12,32768,262144,12582912,64,,1
2025-05-01 03:39:10,MS-Seq,8192,,451232,1,12,32768,262144,12582912,64,,1
2025-05-01 03:39:10,MS-Par,8192,,289714,1.5575084393574352,12,32768,262144,12582912,64,,1
2025-05-01 03:39:10,MS-PMerge,8192,,263099,1.7150654316436018,12,32768,262144,12582912,64,,1
2025-05-01 03:39:10,MS-CacheAware,8192,,298116,1.5136121509747884,12,32768,262144,12582912,64,,1
2025-05-01 03:39:16,MS-Seq,12288,,1365769,1,12,32768,262144,12582912,64,,1
2025-05-01 03:39:16,MS-Par,12288,,3069914,0.44488835843609953,12,32768,262144,12582912,64,,1
2025-05-01 03:39:16,MS-PMerge,12288,,527344,2.589901468491156,12,32768,262144,12582912,64,,1
2025-05-01 03:39:16,MS-CacheAware,12288,,1716480,0.7956801127889634,12,32768,262144,12582912,64,,1
2025-05-01 03:39:25,MS-Seq,16384,,1558865,1,12,32768,262144,12582912,64,,1
2025-05-01 03:39:25,MS-Par,16384,,1636298,0.9526779351927338,12,32768,262144,12582912,64,,1
2025-05-01 03:39:25,MS-PMerge,16384,,512599,3.041100353297607,12,32768,262144,12582912,64,,1
2025-05-01 03:39:26,MS-CacheAware,16384,,2971978,0.5245210428879352,12,32768,262144,12582912,64,,1
2025-05-01 03:39:47,MS-Seq,24576,,4304656,1,12,32768,262144,12582912,64,,1
2025-05-01 03:39:47,MS-Par,24576,,353884,12.164031151450757,12,32768,262144,12582912,64,,1
2025-05-01 03:39:47,MS-PMerge,24576,,453519,9.491677305691713,12,32768,262144,12582912,64,,1
2025-05-01 03:39:48,MS-CacheAware,24576,,1093896,3.935160198044421,12,32768,262144,12582912,64,,1
2025-05-01 03:40:31,MS-Seq,32768,,2846727,1,12,32768,262144,12582912,64,,1
2025-05-01 03:40:31,MS-Par,32768,,2670044,1.0661723177595575,12,32768,262144,12582912,64,,1
2025-05-01 03:40:32,MS-PMerge,32768,,1367387,2.0818736758503626,12,32768,262144,12582912,64,,1
2025-05-01 03:40:32,MS-CacheAware,32768,,3964593,0.718037639677011,12,32768,262144,12582912,64,,1
2025-05-01 03:41:53,MS-Seq,49152,,5429230,1,12,32768,262144,12582912,64,,1
2025-05-01 03:41:53,MS-Par,49152,,1165930,4.6565660031048175,12,32768,262144,12582912,64,,1
2025-05-01 03:41:53,MS-PMerge,49152,,1075374,5.048690037140567,12,32768,262144,12582912,64,,1
2025-05-01 03:41:53,MS-CacheAware,49152,,5381523,1.008864962576579,12,32768,262144,12582912,64,,1
2025-05-01 03:44:33,MS-Seq,65536,,4324356,1,12,32768,262144,12582912,64,,1
2025-05-01 03:44:33,MS-Par,65536,,2777432,1.5569619706261035,12,32768,262144,12582912,64,,1
2025-05-01 03:44:33,MS-PMerge,65536,,4507386,0.9593933157710478,12,32768,262144,12582912,64,,1
2025-05-01 03:44:33,MS-CacheAware,65536,,6856539,0.6306907902077127,12,32768,262144,12582912,64,,1
2025-05-01 03:44:34,MS-Seq,4096,,112522,1,12,32768,262144,12582912,64,,1
2025-05-01 03:44:34,MS-Par,4096,,141446,0.7955120682097762,12,32768,262144,12582912,64,,1
2025-05-01 03:44:34,MS-PMerge,4096,,149677,0.7517654683084242,12,32768,262144,12582912,64,,1
2025-05-01 03:44:34,MS-CacheAware,4096,,140141,0.8029199163699418,12,32768,262144,12582912,64,,1
2025-05-01 03:44:38,MS-Seq,8192,,469811,1,12,32768,262144,12582912,64,,1
2025-05-01 03:44:38,MS-Par,8192,,567516,0.8278374530409716,12,32768,262144,12582912,64,,1
2025-05-01 03:44:38,MS-PMerge,8192,,849690,0.5529204768798032,12,32768,262144,12582912,64,,1
2025-05-01 03:44:38,MS-CacheAware,8192,,373356,1.2583459218547446,12,32768,262144,12582912,64,,1
2025-05-01 03:44:44,MS-Seq,12288,,777988,1,12,32768,262144,12582912,64,,1
2025-05-01 03:44:44,MS-Par,12288,,413014,1.8836843303132582,12,32768,262144,12582912,64,,1
2025-05-01 03:44:44,MS-PMerge,12288,,1123957,0.6921866227978473,12,32768,262144,12582912,64,,1
2025-05-01 03:44:45,MS-CacheAware,12288,,1200610,0.6479939364156554,12,32768,262144,12582912,64,,1
2025-05-01 03:44:53,MS-Seq,16384,,5319490,1,12,32768,262144,12582912,64,,1
2025-05-01 03:44:53,MS-Par,16384,,526531,10.102899924220987,12,32768,262144,12582912,64,,1
2025-05-01 03:44:54,MS-PMerge,16384,,663633,8.015710490587418,12,32768,262144,12582912,64,,1
2025-05-01 03:44:54,MS-CacheAware,16384,,4100611,1.2972432644793666,12,32768,262144,12582912,64,,1
2025-05-01 03:45:17,MS-Seq,24576,,1617406,1,12,32768,262144,12582912,64,,1
2025-05-01 03:45:17,MS-Par,24576,,1532529,1.0553836175367644,12,32768,262144,12582912,64,,1
2025-05-01 03:45:17,MS-PMerge,24576,,1813818,0.8917135015751305,12,32768,262144,12582912,64,,1
2025-05-01 03:45:18,MS-CacheAware,24576,,3810532,0.4244567425230913,12,32768,262144,12582912,64,,1
2025-05-01 03:45:55,MS-Seq,32768,,4645276,1,12,32768,262144,12582912,64,,1
2025-05-01 03:45:55,MS-Par,32768,,1877026,2.4748064225002744,12,32768,262144,12582912,64,,1
2025-05-01 03:45:55,MS-PMerge,32768,,3069892,1.5131724503663322,12,32768,262144,12582912,64,,1
2025-05-01 03:45:55,MS-CacheAware,32768,,3922365,1.184304877287045,12,32768,262144,12582912,64,,1
2025-05-01 03:47:16,MS-Seq,49152,,3947167,1,12,32768,262144,12582912,64,,1
2025-05-01 03:47:16,MS-Par,49152,,1347901,2.928380496787227,12,32768,262144,12582912,64,,1
2025-05-01 03:47:16,MS-PMerge,49152,,1167075,3.3821022642075276,12,32768,262144,12582912,64,,1
2025-05-01 03:47:16,MS-CacheAware,49152,,4598076,0.8584388339818655,12,32768,262144,12582912,64,,1
2025-05-01 03:49:39,MS-Seq,65536,,5127248,1,12,32768,262144,12582912,64,,1
2025-05-01 03:49:39,MS-Par,65536,,2519644,2.034909693591634,12,32768,262144,12582912,64,,1
2025-05-01 03:49:40,MS-PMerge,65536,,1143555,4.483604199185872,12,32768,262144,12582912,64,,1
2025-05-01 03:49:40,MS-CacheAware,65536,,5183494,0.9891490180175766,12,32768,262144,12582912,64,,1
2025-05-01 03:49:41,MS-Seq,4096,,114720,1,12,32768,262144,12582912,64,,1
2025-05-01 03:49:41,MS-Par,4096,,148700,0.7714862138533961,12,32768,262144,12582912,64,,1
2025-05-01 03:49:41,MS-PMerge,4096,,149997,0.7648152963059262,12,32768,262144,12582912,64,,1
2025-05-01 03:49:41,MS-CacheAware,4096,,144841,0.7920409276378926,12,32768,262144,12582912,64,,1
2025-05-01 03:49:44,MS-Seq,8192,,307689,1,12,32768,262144,12582912,64,,1
2025-05-01 03:49:44,MS-Par,8192,,223510,1.3766229698894905,12,32768,262144,12582912,64,,1
2025-05-01 03:49:44,MS-PMerge,8192,,216850,1.4189024671431865,12,32768,262144,12582912,64,,1
2025-05-01 03:49:44,MS-CacheAware,8192,,238752,1.2887389425010052,12,32768,262144,12582912,64,,1
2025-05-01 03:49:51,MS-Seq,12288,,786535,1,12,32768,262144,12582912,64,,1
2025-05-01 03:49:51,MS-Par,12288,,1022065,0.7695547739135965,12,32768,262144,12582912,64,,1
2025-05-01 03:49:51,MS-PMerge,12288,,457642,1.718668741068346,12,32768,262144,12582912,64,,1
2025-05-01 03:49:51,MS-CacheAware,12288,,1222294,0.6434908459012316,12,32768,262144,12582912,64,,1
2025-05-01 03:50:00,MS-Seq,16384,,1135817,1,12,32768,262144,12582912,64,,1
2025-05-01 03:50:00,MS-Par,16384,,961814,1.180911278064158,12,32768,262144,12582912,64,,1
2025-05-01 03:50:00,MS-PMerge,16384,,1158529,0.9803958295390103,12,32768,262144,12582912,64,,1
2025-05-01 03:50:01,MS-CacheAware,16384,,3230295,0.3516140166764955,12,32768,262144,12582912,64,,1
2025-05-01 03:50:24,MS-Seq,24576,,3560994,1,12,32768,262144,12582912,64,,1
2025-05-01 03:50:24,MS-Par,24576,,1569989,2.268164936187451,12,32768,262144,12582912,64,,1
2025-05-01 03:50:24,MS-PMerge,24576,,2402704,1.4820776924664878,12,32768,262144,12582912,64,,1
2025-05-01 03:50:25,MS-CacheAware,24576,,3216620,1.1070608278254814,12,32768,262144,12582912,64,,1
2025-05-01 03:51:05,MS-Seq,32768,,3730603,1,12,32768,262144,12582912,64,,1
2025-05-01 03:51:05,MS-Par,32768,,1970620,1.8931113050715003,12,32768,262144,12582912,64,,1
2025-05-01 03:51:05,MS-PMerge,32768,,1293805,2.883435293572061,12,32768,262144,12582912,64,,1
2025-05-01 03:51:06,MS-CacheAware,32768,,3434981,1.0860621936482326,12,32768,262144,12582912,64,,1
2025-05-01 03:52:22,MS-Seq,49152,,7149489,1,12,32768,262144,12582912,64,,1
2025-05-01 03:52:22,MS-Par,49152,,1186744,6.024457675791915,12,32768,262144,12582912,64,,1
2025-05-01 03:52:22,MS-PMerge,49152,,1234835,5.789833459531031,12,32768,262144,12582912,64,,1
2025-05-01 03:52:22,MS-CacheAware,49152,,3880659,1.8423388914099383,12,32768,262144,12582912,64,,1
2025-05-01 03:54:46,MS-Seq,65536,,5380600,1,12,32768,262144,12582912,64,,1
2025-05-01 03:54:46,MS-Par,65536,,1211872,4.439907845052943,12,32768,262144,12582912,64,,1
2025-05-01 03:54:46,MS-PMerge,65536,,1289674,4.172062087008035,12,32768,262144,12582912,64,,1
2025-05-01 03:54:47,MS-CacheAware,65536,,4215080,1.276511952323562,12,32768,262144,12582912,64,,1
2025-05-01 03:54:48,MS-Seq,4096,,111026,1,12,32768,262144,12582912,64,,1
2025-05-01 03:54:48,MS-Par,4096,,115972,0.9573517745662746,12,32768,262144,12582912,64,,1
2025-05-01 03:54:48,MS-PMerge,4096,,144033,0.7708372386883562,12,32768,262144,12582912,64,,1
2025-05-01 03:54:48,MS-CacheAware,4096,,134873,0.8231892224537157,12,32768,262144,12582912,64,,1
2025-05-01 03:54:52,MS-Seq,8192,,1018941,1,12,32768,262144,12582912,64,,1
2025-05-01 03:54:52,MS-Par,8192,,814503,1.2509972338960078,12,32768,262144,12582912,64,,1
2025-05-01 03:54:52,MS-PMerge,8192,,145281,7.01358746154005,12,32768,262144,12582912,64,,1
2025-05-01 03:54:52,MS-CacheAware,8192,,385060,2.646187607126162,12,32768,262144,12582912,64,,1
2025-05-01 03:54:58,MS-Seq,12288,,953749,1,12,32768,262144,12582912,64,,1
2025-05-01 03:54:58,MS-Par,12288,,1208062,0.7894867978630236,12,32768,262144,12582912,64,,1
2025-05-01 03:54:58,MS-PMerge,12288,,1063458,0.8968374867648746,12,32768,262144,12582912,64,,1
2025-05-01 03:54:58,MS-CacheAware,12288,,1153134,0.8270929484344404,12,32768,262144,12582912,64,,1
2025-05-01 03:55:07,MS-Seq,16384,,1361804,1,12,32768,262144,12582912,64,,1
2025-05-01 03:55:07,MS-Par,16384,,479117,2.8423203518138576,12,32768,262144,12582912,64,,1
2025-05-01 03:55:07,MS-PMerge,16384,,575739,2.365314838841906,12,32768,262144,12582912,64,,1
2025-05-01 03:55:07,MS-CacheAware,16384,,2748178,0.4955297655392045,12,32768,262144,12582912,64,,1
2025-05-01 03:55:30,MS-Seq,24576,,3204634,1,12,32768,262144,12582912,64,,1
2025-05-01 03:55:30,MS-Par,24576,,1909179,1.6785403568759136,12,32768,262144,12582912,64,,1
2025-05-01 03:55:30,MS-PMerge,24576,,1848135,1.7339826365498192,12,32768,262144,12582912,64,,1
2025-05-01 03:55:30,MS-CacheAware,24576,,1251916,2.5597835637534785,12,32768,262144,12582912,64,,1
2025-05-01 03:56:06,MS-Seq,32768,,3198976,1,12,32768,262144,12582912,64,,1
2025-05-01 03:56:06,MS-Par,32768,,1382993,2.313081844955108,12,32768,262144,12582912,64,,1
2025-05-01 03:56:06,MS-PMerge,32768,,1296135,2.468088586451257,12,32768,262144,12582912,64,,1
2025-05-01 03:56:07,MS-CacheAware,32768,,5765330,0.5548643356061145,12,32768,262144,12582912,64,,1
2025-05-01 03:57:25,MS-Seq,49152,,9199643,1,12,32768,262144,12582912,64,,1
2025-05-01 03:57:25,MS-Par,49152,,3416408,2.6927823023479633,12,32768,262144,12582912,64,,1
2025-05-01 03:57:25,MS-PMerge,49152,,1142133,8.05479134216418,12,32768,262144,12582912,64,,1
2025-05-01 03:57:25,MS-CacheAware,49152,,4983601,1.8459830552245253,12,32768,262144,12582912,64,,1
2025-05-01 03:59:46,MS-Seq,65536,,3341328,1,12,32768,262144,12582912,64,,1
2025-05-01 03:59:46,MS-Par,65536,,1515772,2.2043737448640033,12,32768,262144,12582912,64,,1
2025-05-01 03:59:46,MS-PMerge,65536,,1574006,2.122817829156941,12,32768,262144,12582912,64,,1
2025-05-01 03:59:46,MS-CacheAware,65536,,6238179,0.5356255407227013,12,32768,262144,12582912,64,,1
2025-05-01 03:59:48,MS-Seq,4096,,180558,1,12,32768,262144,12582912,64,,1
2025-05-01 03:59:48,MS-Par,4096,,150450,1.2001196410767696,12,32768,262144,12582912,64,,1
2025-05-01 03:59:48,MS-PMerge,4096,,145577,1.2402920791059027,12,32768,262144,12582912,64,,1
2025-05-01 03:59:48,MS-CacheAware,4096,,112811,1.6005354087810586,12,32768,262144,12582912,64,,1
2025-05-01 03:59:51,MS-Seq,8192,,730439,1,12,32768,262144,12582912,64,,1
2025-05-01 03:59:51,MS-Par,8192,,1296055,0.5635864218725286,12,32768,262144,12582912,64,,1
2025-05-01 03:59:51,MS-PMerge,8192,,375270,1.9464358994857036,12,32768,262144,12582912,64,,1
2025-05-01 03:59:52,MS-CacheAware,8192,,4253323,0.17173372443146218,12,32768,262144,12582912,64,,1
2025-05-01 03:59:57,MS-Seq,12288,,737039,1,12,32768,262144,12582912,64,,1
2025-05-01 03:59:57,MS-Par,12288,,611706,1.2048909116470985,12,32768,262144,12582912,64,,1
2025-05-01 03:59:57,MS-PMerge,12288,,405807,1.81623037552334,12,32768,262144,12582912,64,,1
2025-05-01 03:59:58,MS-CacheAware,12288,,716189,1.029112427026944,12,32768,262144,12582912,64,,1
2025-05-01 04:00:07,MS-Seq,16384,,2233318,1,12,32768,262144,12582912,64,,1
2025-05-01 04:00:07,MS-Par,16384,,1024839,2.1791891214132173,12,32768,262144,12582912,64,,1
2025-05-01 04:00:07,MS-PMerge,16384,,552614,4.041370649313988,12,32768,262144,12582912,64,,1
2025-05-01 04:00:07,MS-CacheAware,16384,,1239370,1.8019784245221362,12,32768,262144,12582912,64,,1
2025-05-01 04:00:29,MS-Seq,24576,,4477392,1,12,32768,262144,12582912,64,,1
2025-05-01 04:00:29,MS-Par,24576,,2070178,2.162805323986633,12,32768,262144,12582912,64,,1
2025-05-01 04:00:29,MS-PMerge,24576,,1602263,2.7944176455425858,12,32768,262144,12582912,64,,1
2025-05-01 04:00:29,MS-CacheAware,24576,,4258800,1.0513271344040576,12,32768,262144,12582912,64,,1
2025-05-01 04:01:08,MS-Seq,32768,,2571691,1,12,32768,262144,12582912,64,,1
2025-05-01 04:01:08,MS-Par,32768,,1747082,1.4719921560636535,12,32768,262144,12582912,64,,1
2025-05-01 04:01:08,MS-PMerge,32768,,3294948,0.7804951701817449,12,32768,262144,12582912,64,,1
2025-05-01 04:01:08,MS-CacheAware,32768,,4862628,0.5288685459796637,12,32768,262144,12582912,64,,1
2025-05-01 04:02:22,MS-Seq,49152,,8943858,1,12,32768,262144,12582912,64,,1
2025-05-01 04:02:22,MS-Par,49152,,1115696,8.016393354462148,12,32768,262144,12582912,64,,1
2025-05-01 04:02:22,MS-PMerge,49152,,1076167,8.31084580738863,12,32768,262144,12582912,64,,1
2025-05-01 04:02:22,MS-CacheAware,49152,,5320320,1.6810751984843018,12,32768,262144,12582912,64,,1
2025-05-01 04:04:40,MS-Seq,65536,,4396646,1,12,32768,262144,12582912,64,,1
2025-05-01 04:04:40,MS-Par,65536,,3439751,1.2781872873937679,12,32768,262144,12582912,64,,1
2025-05-01 04:04:40,MS-PMerge,65536,,2965284,1.4827065468265435,12,32768,262144,12582912,64,,1
2025-05-01 04:04:40,MS-CacheAware,65536,,5222023,0.8419430554020922,12,32768,262144,12582912,64,,1
2025-05-01 04:04:42,MS-Seq,4096,,150628,1,12,32768,262144,12582912,64,,1
2025-05-01 04:04:42,MS-Par,4096,,154525,0.9747807798090924,12,32768,262144,12582912,64,,1
2025-05-01 04:04:42,MS-PMerge,4096,,144229,1.044366944234516,12,32768,262144,12582912,64,,1
2025-05-01 04:04:42,MS-CacheAware,4096,,110922,1.3579632534573844,12,32768,262144,12582912,64,,1
2025-05-01 04:04:45,MS-Seq,8192,,496493,1,12,32768,262144,12582912,64,,1
2025-05-01 04:04:45,MS-Par,8192,,149366,3.3240027851050438,12,32768,262144,12582912,64,,1
2025-05-01 04:04:45,MS-PMerge,8192,,205097,2.420771634884957,12,32768,262144,12582912,64,,1
2025-05-01 04:04:45,MS-CacheAware,8192,,284948,1.7423986130802813,12,32768,262144,12582912,64,,1
2025-05-01 04:04:50,MS-Seq,12288,,737381,1,12,32768,262144,12582912,64,,1
2025-05-01 04:04:50,MS-Par,12288,,347322,2.1230472011562758,12,32768,262144,12582912,64,,1
2025-05-01 04:04:50,MS-PMerge,12288,,1597128,0.4616918618920963,12,32768,262144,12582912,64,,1
2025-05-01 04:04:51,MS-CacheAware,12288,,1741602,0.4233923709320499,12,32768,262144,12582912,64,,1
2025-05-01 04:04:59,MS-Seq,16384,,826827,1,12,32768,262144,12582912,64,,1
2025-05-01 04:04:59,MS-Par,16384,,1101596,0.7505718975014434,12,32768,262144,12582912,64,,1
2025-05-01 04:04:59,MS-PMerge,16384,,539977,1.5312263300103524,12,32768,262144,12582912,64,,1
2025-05-01 04:04:59,MS-CacheAware,16384,,2262537,0.36544242149410155,12,32768,262144,12582912,64,,1
2025-05-01 04:05:23,MS-Seq,24576,,976024,1,12,32768,262144,12582912,64,,1
2025-05-01 04:05:23,MS-Par,24576,,434287,2.2474170306732644,12,32768,262144,12582912,64,,1
2025-05-01 04:05:23,MS-PMerge,24576,,433998,2.248913589463546,12,32768,262144,12582912,64,,1
2025-05-01 04:05:23,MS-CacheAware,24576,,1044389,0.9345406740208868,12,32768,262144,12582912,64,,1
2025-05-01 04:06:03,MS-Seq,32768,,3181570,1,12,32768,262144,12582912,64,,1
2025-05-01 04:06:03,MS-Par,32768,,1955988,1.6265795086677424,12,32768,262144,12582912,64,,1
2025-05-01 04:06:03,MS-PMerge,32768,,1694806,1.8772473073614324,12,32768,262144,12582912,64,,1
2025-05-01 04:06:04,MS-CacheAware,32768,,36945892,0.08611431008351347,12,32768,262144,12582912,64,,1
2025-05-01 04:07:16,MS-Seq,49152,,12178375,1,12,32768,262144,12582912,64,,1
2025-05-01 04:07:16,MS-Par,49152,,1301953,9.353928290806197,12,32768,262144,12582912,64,,1
2025-05-01 04:07:16,MS-PMerge,49152,,1170422,10.405114565515685,12,32768,262144,12582912,64,,1
2025-05-01 04:07:17,MS-CacheAware,49152,,5830690,2.0886678935083154,12,32768,262144,12582912,64,,1
2025-05-01 04:09:36,MS-Seq,65536,,3377900,1,12,32768,262144,12582912,64,,1
2025-05-01 04:09:36,MS-Par,65536,,1386042,2.4370834361440705,12,32768,262144,12582912,64,,1
2025-05-01 04:09:36,MS-PMerge,65536,,1506675,2.2419566263460933,12,32768,262144,12582912,64,,1
2025-05-01 04:09:36,MS-CacheAware,65536,,5252841,0.643061535652802,12,32768,262144,12582912,64,,1
2025-05-01 04:09:37,MS-Seq,4096,,137474,1,12,32768,262144,12582912,64,,1
2025-05-01 04:09:37,MS-Par,4096,,143617,0.9572265121817055,12,32768,262144,12582912,64,,1
2025-05-01 04:09:37,MS-PMerge,4096,,149289,0.9208582012070547,12,32768,262144,12582912,64,,1
2025-05-01 04:09:37,MS-CacheAware,4096,,112410,1.2229694867004715,12,32768,262144,12582912,64,,1
2025-05-01 04:09:40,MS-Seq,8192,,474252,1,12,32768,262144,12582912,64,,1
2025-05-01 04:09:40,MS-Par,8192,,340756,1.3917641949077932,12,32768,262144,12582912,64,,1
2025-05-01 04:09:40,MS-PMerge,8192,,253917,1.8677441841231583,12,32768,262144,12582912,64,,1
2025-05-01 04:09:41,MS-CacheAware,8192,,335884,1.4119517452453823,12,32768,262144,12582912,64,,1
2025-05-01 04:09:46,MS-Seq,12288,,762856,1,12,32768,262144,12582912,64,,1
2025-05-01 04:09:46,MS-Par,12288,,512725,1.4878463113754936,12,32768,262144,12582912,64,,1
2025-05-01 04:09:46,MS-PMerge,12288,,1120192,0.6810046849111581,12,32768,262144,12582912,64,,1
2025-05-01 04:09:46,MS-CacheAware,12288,,1733897,0.4399661571592776,12,32768,262144,12582912,64,,1
2025-05-01 04:09:54,MS-Seq,16384,,908995,1,12,32768,262144,12582912,64,,1
2025-05-01 04:09:54,MS-Par,16384,,693792,1.310183743831004,12,32768,262144,12582912,64,,1
2025-05-01 04:09:54,MS-PMerge,16384,,514263,1.7675683453796986,12,32768,262144,12582912,64,,1
2025-05-01 04:09:55,MS-CacheAware,16384,,1335738,0.6805189341023464,12,32768,262144,12582912,64,,1
2025-05-01 04:10:17,MS-Seq,24576,,2155082,1,12,32768,262144,12582912,64,,1
2025-05-01 04:10:17,MS-Par,24576,,3810826,0.5655157175898349,12,32768,262144,12582912,64,,1
2025-05-01 04:10:17,MS-PMerge,24576,,1790457,1.203649124218007,12,32768,262144,12582912,64,,1
2025-05-01 04:10:17,MS-CacheAware,24576,,4408226,0.4888773851431392,12,32768,262144,12582912,64,,1
2025-05-01 04:10:55,MS-Seq,32768,,2526001,1,12,32768,262144,12582912,64,,1
2025-05-01 04:10:55,MS-Par,32768,,1211669,2.0847285851168924,12,32768,262144,12582912,64,,1
2025-05-01 04:10:55,MS-PMerge,32768,,3463191,0.7293854136257573,12,32768,262144,12582912,64,,1
2025-05-01 04:10:56,MS-CacheAware,32768,,4255224,0.5936235084216483,12,32768,262144,12582912,64,,1
2025-05-01 04:12:08,MS-Seq,49152,,4908249,1,12,32768,262144,12582912,64,,1
2025-05-01 04:12:08,MS-Par,49152,,2776390,1.7678528592885006,12,32768,262144,12582912,64,,1
2025-05-01 04:12:08,MS-PMerge,49152,,1335805,3.674375376645543,12,32768,262144,12582912,64,,1
2025-05-01 04:12:08,MS-CacheAware,49152,,3949826,1.2426494230378755,12,32768,262144,12582912,64,,1
2025-05-01 04:14:27,MS-Seq,65536,,3514096,1,12,32768,262144,12582912,64,,1
2025-05-01 04:14:27,MS-Par,65536,,1577328,2.2278790460829963,12,32768,262144,12582912,64,,1
2025-05-01 04:14:27,MS-PMerge,65536,,1470078,2.390414658269833,12,32768,262144,12582912,64,,1
2025-05-01 04:14:28,MS-CacheAware,65536,,5007824,0.7017211467495663,12,32768,262144,12582912,64,,1
2025-05-01 04:14:29,MS-Seq,4096,,142073,1,12,32768,262144,12582912,64,,1
2025-05-01 04:14:29,MS-Par,4096,,142669,0.9958224982301691,12,32768,262144,12582912,64,,1
2025-05-01 04:14:29,MS-PMerge,4096,,151402,0.9383825841138161,12,32768,262144,12582912,64,,1
2025-05-01 04:14:29,MS-CacheAware,4096,,141997,1.0005352225751247,12,32768,262144,12582912,64,,1
2025-05-01 04:14:31,MS-Seq,8192,,341506,1,12,32768,262144,12582912,64,,1
2025-05-01 04:14:32,MS-Par,8192,,278301,1.2271102151986517,12,32768,262144,12582912,64,,1
2025-05-01 04:14:32,MS-PMerge,8192,,260633,1.3102945521096714,12,32768,262144,12582912,64,,1
2025-05-01 04:14:32,MS-CacheAware,8192,,231314,1.4763741061933129,12,32768,262144,12582912,64,,1
2025-05-01 04:14:37,MS-Seq,12288,,395260,1,12,32768,262144,12582912,64,,1
2025-05-01 04:14:37,MS-Par,12288,,270054,1.4636331992860687,12,32768,262144,12582912,64,,1
2025-05-01 04:14:37,MS-PMerge,12288,,223182,1.7710209604717226,12,32768,262144,12582912,64,,1
2025-05-01 04:14:37,MS-CacheAware,12288,,535647,0.7379113483320172,12,32768,262144,12582912,64,,1
2025-05-01 04:14:45,MS-Seq,16384,,1302580,1,12,32768,262144,12582912,64,,1
2025-05-01 04:14:45,MS-Par,16384,,1160719,1.1222182112983419,12,32768,262144,12582912,64,,1
2025-05-01 04:14:46,MS-PMerge,16384,,514812,2.530205201121963,12,32768,262144,12582912,64,,1
2025-05-01 04:14:46,MS-CacheAware,16384,,1942683,0.6705056872377017,12,32768,262144,12582912,64,,1
2025-05-01 04:15:08,MS-Seq,24576,,1535823,1,12,32768,262144,12582912,64,,1
2025-05-01 04:15:08,MS-Par,24576,,1808338,0.849300849730526,12,32768,262144,12582912,64,,1
2025-05-01 04:15:08,MS-PMerge,24576,,950792,1.6153091317554207,12,32768,262144,12582912,64,,1
2025-05-01 04:15:08,MS-CacheAware,24576,,1829224,0.8396035696010986,12,32768,262144,12582912,64,,1
2025-05-01 04:15:47,MS-Seq,32768,,2521304,1,12,32768,262144,12582912,64,,1
2025-05-01 04:15:47,MS-Par,32768,,2056976,1.2257333094795466,12,32768,262144,12582912,64,,1
2025-05-01 04:15:47,MS-PMerge,32768,,1281699,1.9671576555806005,12,32768,262144,12582912,64,,1
2025-05-01 04:15:48,MS-CacheAware,32768,,3824641,0.6592263169275234,12,32768,262144,12582912,64,,1
2025-05-01 04:17:01,MS-Seq,49152,,7818703,1,12,32768,262144,12582912,64,,1
2025-05-01 04:17:01,MS-Par,49152,,1205861,6.4839173005843955,12,32768,262144,12582912,64,,1
2025-05-01 04:17:01,MS-PMerge,49152,,16686248,0.4685716645227855,12,32768,262144,12582912,64,,1
2025-05-01 04:17:01,MS-CacheAware,49152,,3814361,2.049806769731549,12,32768,262144,12582912,64,,1
2025-05-01 04:19:23,MS-Seq,65536,,3425276,1,12,32768,262144,12582912,64,,1
2025-05-01 04:19:23,MS-Par,65536,,1553015,2.2055653036190894,12,32768,262144,12582912,64,,1
2025-05-01 04:19:23,MS-PMerge,65536,,4669331,0.7335688988422538,12,32768,262144,12582912,64,,1
2025-05-01 04:19:23,MS-CacheAware,65536,,4253786,0.8052299763081641,12,32768,262144,12582912,64,,1
2025-05-01 04:19:24,MS-Seq,4096,,140670,1,12,32768,262144,12582912,64,,1
2025-05-01 04:19:24,MS-Par,4096,,150444,0.9350323043790381,12,32768,262144,12582912,64,,1
2025-05-01 04:19:24,MS-PMerge,4096,,153388,0.917086082353248,12,32768,262144,12582912,64,,1
2025-05-01 04:19:25,MS-CacheAware,4096,,149646,0.940018443526723,12,32768,262144,12582912,64,,1
2025-05-01 04:19:28,MS-Seq,8192,,471981,1,12,32768,262144,12582912,64,,1
2025-05-01 04:19:28,MS-Par,8192,,239337,1.972035247370862,12,32768,262144,12582912,64,,1
2025-05-01 04:19:28,MS-PMerge,8192,,250740,1.882352237377363,12,32768,262144,12582912,64,,1
2025-05-01 04:19:28,MS-CacheAware,8192,,242276,1.948112896035926,12,32768,262144,12582912,64,,1
2025-05-01 04:19:33,MS-Seq,12288,,765333,1,12,32768,262144,12582912,64,,1
2025-05-01 04:19:33,MS-Par,12288,,206195,3.7116952399427725,12,32768,262144,12582912,64,,1
2025-05-01 04:19:33,MS-PMerge,12288,,172972,4.424606294660408,12,32768,262144,12582912,64,,1
2025-05-01 04:19:33,MS-CacheAware,12288,,653528,1.1710791274436596,12,32768,262144,12582912,64,,1
2025-05-01 04:19:42,MS-Seq,16384,,914917,1,12,32768,262144,12582912,64,,1
2025-05-01 04:19:42,MS-Par,16384,,1214810,0.753135881331237,12,32768,262144,12582912,64,,1
2025-05-01 04:19:42,MS-PMerge,16384,,1364938,0.6702993102983432,12,32768,262144,12582912,64,,1
2025-05-01 04:19:42,MS-CacheAware,16384,,2586366,0.35374614420387523,12,32768,262144,12582912,64,,1
2025-05-01 04:20:02,MS-Seq,24576,,1433839,1,12,32768,262144,12582912,64,,1
2025-05-01 04:20:02,MS-Par,24576,,1859927,0.7709114389973369,12,32768,262144,12582912,64,,1
2025-05-01 04:20:02,MS-PMerge,24576,,1596808,0.8979407668298255,12,32768,262144,12582912,64,,1
2025-05-01 04:20:02,MS-CacheAware,24576,,1054497,1.3597373913818627,12,32768,262144,12582912,64,,1
2025-05-01 04:20:43,MS-Seq,32768,,2408226,1,12,32768,262144,12582912,64,,1
2025-05-01 04:20:43,MS-Par,32768,,2032455,1.1848852742127132,12,32768,262144,12582912,64,,1
2025-05-01 04:20:43,MS-PMerge,32768,,1609970,1.495820419014019,12,32768,262144,12582912,64,,1
2025-05-01 04:20:43,MS-CacheAware,32768,,5135251,0.4689597451030144,12,32768,262144,12582912,64,,1
2025-05-01 04:22:00,MS-Seq,49152,,6920016,1,12,32768,262144,12582912,64,,1
2025-05-01 04:22:00,MS-Par,49152,,942715,7.34051754772121,12,32768,262144,12582912,64,,1
2025-05-01 04:22:00,MS-PMerge,49152,,2534081,2.730779323944262,12,32768,262144,12582912,64,,1
2025-05-01 04:22:00,MS-CacheAware,49152,,3339628,2.072091861728312,12,32768,262144,12582912,64,,1
2025-05-01 04:24:28,MS-Seq,65536,,3368118,1,12,32768,262144,12582912,64,,1
2025-05-01 04:24:28,MS-Par,65536,,1559591,2.159616207069674,12,32768,262144,12582912,64,,1
2025-05-01 04:24:28,MS-PMerge,65536,,1626915,2.0702482920127974,12,32768,262144,12582912,64,,1
2025-05-01 04:24:29,MS-CacheAware,65536,,4297128,0.7838067658212649,12,32768,262144,12582912,64,,1
2025-05-01 04:24:30,MS-Seq,4096,,140738,1,12,32768,262144,12582912,64,,1
2025-05-01 04:24:30,MS-Par,4096,,141719,0.9930778512408357,12,32768,262144,12582912,64,,1
2025-05-01 04:24:30,MS-PMerge,4096,,151134,0.9312133603292443,12,32768,262144,12582912,64,,1
2025-05-01 04:24:30,MS-CacheAware,4096,,144792,0.97200121553677,12,32768,262144,12582912,64,,1
2025-05-01 04:24:33,MS-Seq,8192,,464191,1,12,32768,262144,12582912,64,,1
2025-05-01 04:24:33,MS-Par,8192,,358849,1.2935552279649658,12,32768,262144,12582912,64,,1
2025-05-01 04:24:33,MS-PMerge,8192,,179424,2.5871176654182273,12,32768,262144,12582912,64,,1
2025-05-01 04:24:34,MS-CacheAware,8192,,303610,1.5289055037712855,12,32768,262144,12582912,64,,1
2025-05-01 04:24:39,MS-Seq,12288,,739789,1,12,32768,262144,12582912,64,,1
2025-05-01 04:24:39,MS-Par,12288,,454814,1.6265748195965823,12,32768,262144,12582912,64,,1
2025-05-01 04:24:39,MS-PMerge,12288,,507062,1.4589714867215449,12,32768,262144,12582912,64,,1
2025-05-01 04:24:40,MS-CacheAware,12288,,1219529,0.6066186207954054,12,32768,262144,12582912,64,,1
2025-05-01 04:24:48,MS-Seq,16384,,1832185,1,12,32768,262144,12582912,64,,1
2025-05-01 04:24:48,MS-Par,16384,,461362,3.9712525088758936,12,32768,262144,12582912,64,,1
2025-05-01 04:24:48,MS-PMerge,16384,,463629,3.9518343330550936,12,32768,262144,12582912,64,,1
2025-05-01 04:24:48,MS-CacheAware,16384,,1541988,1.1881966656031047,12,32768,262144,12582912,64,,1
2025-05-01 04:25:09,MS-Seq,24576,,4655672,1,12,32768,262144,12582912,64,,1
2025-05-01 04:25:10,MS-Par,24576,,1345216,3.4609103668109804,12,32768,262144,12582912,64,,1
2025-05-01 04:25:10,MS-PMerge,24576,,3871562,1.2025306581684603,12,32768,262144,12582912,64,,1
2025-05-01 04:25:10,MS-CacheAware,24576,,1242038,3.7484134945951735,12,32768,262144,12582912,64,,1
2025-05-01 04:25:48,MS-Seq,32768,,4216361,1,12,32768,262144,12582912,64,,1
2025-05-01 04:25:48,MS-Par,32768,,2475082,1.7035237620410153,12,32768,262144,12582912,64,,1
2025-05-01 04:25:48,MS-PMerge,32768,,1311914,3.2139004538407243,12,32768,262144,12582912,64,,1
2025-05-01 04:25:48,MS-CacheAware,32768,,8460571,0.4983541890966934,12,32768,262144,12582912,64,,1
2025-05-01 04:27:04,MS-Seq,49152,,6703354,1,12,32768,262144,12582912,64,,1
2025-05-01 04:27:04,MS-Par,49152,,1060762,6.319376071163937,12,32768,262144,12582912,64,,1
2025-05-01 04:27:04,MS-PMerge,49152,,1291121,5.191886740282282,12,32768,262144,12582912,64,,1
2025-05-01 04:27:05,MS-CacheAware,49152,,5024372,1.3341675337733752,12,32768,262144,12582912,64,,1
2025-05-01 04:29:22,MS-Seq,65536,,5012594,1,12,32768,262144,12582912,64,,1
2025-05-01 04:29:22,MS-Par,65536,,3911330,1.281557424200975,12,32768,262144,12582912,64,,1
2025-05-01 04:29:22,MS-PMerge,65536,,1541574,3.2516077723158276,12,32768,262144,12582912,64,,1
2025-05-01 04:29:22,MS-CacheAware,65536,,4099526,1.2227252614082702,12,32768,262144,12582912,64,,1
2025-05-01 04:29:23,MS-Seq,4096,,135082,1,12,32768,262144,12582912,64,,1
2025-05-01 04:29:23,MS-Par,4096,,139651,0.96728272622466,12,32768,262144,12582912,64,,1
2025-05-01 04:29:23,MS-PMerge,4096,,140755,0.9596959255443857,12,32768,262144,12582912,64,,1
2025-05-01 04:29:23,MS-CacheAware,4096,,112596,1.199705140502327,12,32768,262144,12582912,64,,1
2025-05-01 04:29:27,MS-Seq,8192,,424690,1,12,32768,262144,12582912,64,,1
2025-05-01 04:29:27,MS-Par,8192,,142774,2.974561194615266,12,32768,262144,12582912,64,,1
2025-05-01 04:29:27,MS-PMerge,8192,,214298,1.981773045012086,12,32768,262144,12582912,64,,1
2025-05-01 04:29:27,MS-CacheAware,8192,,230144,1.8453229282536152,12,32768,262144,12582912,64,,1
2025-05-01 04:29:33,MS-Seq,12288,,2276125,1,12,32768,262144,12582912,64,,1
2025-05-01 04:29:33,MS-Par,12288,,1011325,2.250636541171236,12,32768,262144,12582912,64,,1
2025-05-01 04:29:33,MS-PMerge,12288,,496754,4.5819963201101555,12,32768,262144,12582912,64,,1
2025-05-01 04:29:33,MS-CacheAware,12288,,664178,3.4269804179000207,12,32768,262144,12582912,64,,1
2025-05-01 04:29:42,MS-Seq,16384,,1032318,1,12,32768,262144,12582912,64,,1
2025-05-01 04:29:42,MS-Par,16384,,480627,2.1478568619740463,12,32768,262144,12582912,64,,1
2025-05-01 04:29:42,MS-PMerge,16384,,607477,1.6993532265419102,12,32768,262144,12582912,64,,1
2025-05-01 04:29:42,MS-CacheAware,16384,,1863601,0.5539372430042697,12,32768,262144,12582912,64,,1
2025-05-01 04:30:03,MS-Seq,24576,,2910761,1,12,32768,262144,12582912,64,,1
2025-05-01 04:30:03,MS-Par,24576,,2846168,1.022694724977584,12,32768,262144,12582912,64,,1
2025-05-01 04:30:04,MS-PMerge,24576,,4342566,0.670285955354507,12,32768,262144,12582912,64,,1
2025-05-01 04:30:04,MS-CacheAware,24576,,1035298,2.811519968163756,12,32768,262144,12582912,64,,1
2025-05-01 04:30:47,MS-Seq,32768,,2130909,1,12,32768,262144,12582912,64,,1
2025-05-01 04:30:48,MS-Par,32768,,2081777,1.02360099088423,12,32768,262144,12582912,64,,1
2025-05-01 04:30:48,MS-PMerge,32768,,1563016,1.3633315333944118,12,32768,262144,12582912,64,,1
2025-05-01 04:30:48,MS-CacheAware,32768,,4060073,0.5248449966293709,12,32768,262144,12582912,64,,1
2025-05-01 04:32:03,MS-Seq,49152,,5159641,1,12,32768,262144,12582912,64,,1
2025-05-01 04:32:03,MS-Par,49152,,1296750,3.9789018700597647,12,32768,262144,12582912,64,,1
2025-05-01 04:32:03,MS-PMerge,49152,,1945373,2.652263087849991,12,32768,262144,12582912,64,,1
2025-05-01 04:32:03,MS-CacheAware,49152,,4954850,1.041331422747409,12,32768,262144,12582912,64,,1
2025-05-01 04:34:23,MS-Seq,65536,,8014503,1,12,32768,262144,12582912,64,,1
2025-05-01 04:34:23,MS-Par,65536,,3091944,2.592059558646599,12,32768,262144,12582912,64,,1
2025-05-01 04:34:23,MS-PMerge,65536,,1532264,5.230497486072896,12,32768,262144,12582912,64,,1
2025-05-01 04:34:24,MS-CacheAware,65536,,4302670,1.8626813118366037,12,32768,262144,12582912,64,,1
2025-05-01 04:34:25,MS-Seq,4096,,113270,1,12,32768,262144,12582912,64,,1
2025-05-01 04:34:25,MS-Par,4096,,175969,0.6436929231853338,12,32768,262144,12582912,64,,1
2025-05-01 04:34:25,MS-PMerge,4096,,240744,0.47049978400292425,12,32768,262144,12582912,64,,1
2025-05-01 04:34:25,MS-CacheAware,4096,,111888,1.0123516373516372,12,32768,262144,12582912,64,,1
2025-05-01 04:34:29,MS-Seq,8192,,465936,1,12,32768,262144,12582912,64,,1
2025-05-01 04:34:29,MS-Par,8192,,259845,1.7931305201177625,12,32768,262144,12582912,64,,1
2025-05-01 04:34:29,MS-PMerge,8192,,839629,0.554930808726235,12,32768,262144,12582912,64,,1
2025-05-01 04:34:29,MS-CacheAware,8192,,236837,1.9673277401757328,12,32768,262144,12582912,64,,1
2025-05-01 04:34:35,MS-Seq,12288,,741882,1,12,32768,262144,12582912,64,,1
2025-05-01 04:34:35,MS-Par,12288,,397305,1.8672858383357873,12,32768,262144,12582912,64,,1
2025-05-01 04:34:35,MS-PMerge,12288,,531936,1.3946828189857428,12,32768,262144,12582912,64,,1
2025-05-01 04:34:35,MS-CacheAware,12288,,1246254,0.59528956376469,12,32768,262144,12582912,64,,1
2025-05-01 04:34:43,MS-Seq,16384,,782531,1,12,32768,262144,12582912,64,,1
2025-05-01 04:34:43,MS-Par,16384,,994434,0.7869109463272576,12,32768,262144,12582912,64,,1
2025-05-01 04:34:44,MS-PMerge,16384,,898198,0.8712232714835705,12,32768,262144,12582912,64,,1
2025-05-01 04:34:44,MS-CacheAware,16384,,1764640,0.44345078882944966,12,32768,262144,12582912,64,,1
2025-05-01 04:35:07,MS-Seq,24576,,4101222,1,12,32768,262144,12582912,64,,1
2025-05-01 04:35:07,MS-Par,24576,,1323117,3.099666922879836,12,32768,262144,12582912,64,,1
2025-05-01 04:35:07,MS-PMerge,24576,,2228337,1.8404855279968875,12,32768,262144,12582912,64,,1
2025-05-01 04:35:08,MS-CacheAware,24576,,5240342,0.7826248744833829,12,32768,262144,12582912,64,,1
2025-05-01 04:35:45,MS-Seq,32768,,5887742,1,12,32768,262144,12582912,64,,1
2025-05-01 04:35:45,MS-Par,32768,,2711605,2.17131256211727,12,32768,262144,12582912,64,,1
2025-05-01 04:35:45,MS-PMerge,32768,,1152670,5.107916402786574,12,32768,262144,12582912,64,,1
2025-05-01 04:35:46,MS-CacheAware,32768,,2542012,2.316173959839686,12,32768,262144,12582912,64,,1
2025-05-01 04:36:59,MS-Seq,49152,,4015079,1,12,32768,262144,12582912,64,,1
2025-05-01 04:36:59,MS-Par,49152,,1447324,2.7741397226882163,12,32768,262144,12582912,64,,1
2025-05-01 04:36:59,MS-PMerge,49152,,972084,4.130382765275429,12,32768,262144,12582912,64,,1
2025-05-01 04:36:59,MS-CacheAware,49152,,5410027,0.7421550761206922,12,32768,262144,12582912,64,,1
2025-05-01 04:39:21,MS-Seq,65536,,4016643,1,12,32768,262144,12582912,64,,1
2025-05-01 04:39:21,MS-Par,65536,,1570970,2.5567916637491486,12,32768,262144,12582912,64,,1
2025-05-01 04:39:22,MS-PMerge,65536,,1360740,2.9518078398518455,12,32768,262144,12582912,64,,1
2025-05-01 04:39:22,MS-CacheAware,65536,,5028504,0.7987749438003828,12,32768,262144,12582912,64,,1
2025-05-01 04:39:23,MS-Seq,4096,,174652,1,12,32768,262144,12582912,64,,1
2025-05-01 04:39:23,MS-Par,4096,,143591,1.2163157858083027,12,32768,262144,12582912,64,,1
2025-05-01 04:39:23,MS-PMerge,4096,,114224,1.5290306765653452,12,32768,262144,12582912,64,,1
2025-05-01 04:39:23,MS-CacheAware,4096,,141349,1.2356083170025964,12,32768,262144,12582912,64,,1
2025-05-01 04:39:26,MS-Seq,8192,,296086,1,12,32768,262144,12582912,64,,1
2025-05-01 04:39:26,MS-Par,8192,,217567,1.360895724075802,12,32768,262144,12582912,64,,1
2025-05-01 04:39:26,MS-PMerge,8192,,195164,1.5171138119735197,12,32768,262144,12582912,64,,1
2025-05-01 04:39:26,MS-CacheAware,8192,,234206,1.2642118476896407,12,32768,262144,12582912,64,,1
2025-05-01 04:39:32,MS-Seq,12288,,385220,1,12,32768,262144,12582912,64,,1
2025-05-01 04:39:32,MS-Par,12288,,273465,1.408662900188324,12,32768,262144,12582912,64,,1
2025-05-01 04:39:32,MS-PMerge,12288,,293821,1.3110703455505222,12,32768,262144,12582912,64,,1
2025-05-01 04:39:32,MS-CacheAware,12288,,665847,0.5785413165486967,12,32768,262144,12582912,64,,1
2025-05-01 04:39:41,MS-Seq,16384,,1201238,1,12,32768,262144,12582912,64,,1
2025-05-01 04:39:41,MS-Par,16384,,598525,2.0069972014535735,12,32768,262144,12582912,64,,1
2025-05-01 04:39:41,MS-PMerge,16384,,1020312,1.177324191031763,12,32768,262144,12582912,64,,1
2025-05-01 04:39:41,MS-CacheAware,16384,,1541214,0.7794102571090062,12,32768,262144,12582912,64,,1
2025-05-01 04:40:03,MS-Seq,24576,,2324020,1,12,32768,262144,12582912,64,,1
2025-05-01 04:40:03,MS-Par,24576,,1003742,2.3153559380797057,12,32768,262144,12582912,64,,1
2025-05-01 04:40:03,MS-PMerge,24576,,1911232,1.215980058935807,12,32768,262144,12582912,64,,1
2025-05-01 04:40:03,MS-CacheAware,24576,,3180833,0.7306325104147247,12,32768,262144,12582912,64,,1
2025-05-01 04:40:40,MS-Seq,32768,,4823563,1,12,32768,262144,12582912,64,,1
2025-05-01 04:40:40,MS-Par,32768,,2479968,1.945010177550678,12,32768,262144,12582912,64,,1
2025-05-01 04:40:40,MS-PMerge,32768,,975022,4.947132474959539,12,32768,262144,12582912,64,,1
2025-05-01 04:40:40,MS-CacheAware,32768,,2671498,1.8055648928054597,12,32768,262144,12582912,64,,1
2025-05-01 04:41:53,MS-Seq,49152,,6002252,1,12,32768,262144,12582912,64,,1
2025-05-01 04:41:53,MS-Par,49152,,1205989,4.977037103986852,12,32768,262144,12582912,64,,1
2025-05-01 04:41:54,MS-PMerge,49152,,1072786,5.595013357743296,12,32768,262144,12582912,64,,1
2025-05-01 04:41:54,MS-CacheAware,49152,,4699210,1.2772895869731296,12,32768,262144,12582912,64,,1
2025-05-01 04:44:12,MS-Seq,65536,,5596246,1,12,32768,262144,12582912,64,,1
2025-05-01 04:44:12,MS-Par,65536,,1598637,3.5006358541682694,12,32768,262144,12582912,64,,1
2025-05-01 04:44:12,MS-PMerge,65536,,1619542,3.4554497506085053,12,32768,262144,12582912,64,,1
2025-05-01 04:44:13,MS-CacheAware,65536,,4157507,1.3460581064565857,12,32768,262144,12582912,64,,1
2025-05-01 04:44:14,MS-Seq,4096,,185905,1,12,32768,262144,12582912,64,,1
2025-05-01 04:44:14,MS-Par,4096,,152725,1.2172532329350139,12,32768,262144,12582912,64,,1
2025-05-01 04:44:14,MS-PMerge,4096,,170765,1.0886598541855768,12,32768,262144,12582912,64,,1
2025-05-01 04:44:15,MS-CacheAware,4096,,114401,1.6250295014903715,12,32768,262144,12582912,64,,1
2025-05-01 04:44:17,MS-Seq,8192,,1229407,1,12,32768,262144,12582912,64,,1
2025-05-01 04:44:17,MS-Par,8192,,195268,6.295998320257287,12,32768,262144,12582912,64,,1
2025-05-01 04:44:17,MS-PMerge,8192,,192646,6.381689731424478,12,32768,262144,12582912,64,,1
2025-05-01 04:44:18,MS-CacheAware,8192,,227468,5.404747041342079,12,32768,262144,12582912,64,,1
2025-05-01 04:44:23,MS-Seq,12288,,707107,1,12,32768,262144,12582912,64,,1
2025-05-01 04:44:23,MS-Par,12288,,504725,1.4009747882510277,12,32768,262144,12582912,64,,1
2025-05-01 04:44:23,MS-PMerge,12288,,283956,2.4901991857893475,12,32768,262144,12582912,64,,1
2025-05-01 04:44:23,MS-CacheAware,12288,,536905,1.3170058017712631,12,32768,262144,12582912,64,,1
2025-05-01 04:44:33,MS-Seq,16384,,1043250,1,12,32768,262144,12582912,64,,1
2025-05-01 04:44:33,MS-Par,16384,,730149,1.428817953595773,12,32768,262144,12582912,64,,1
2025-05-01 04:44:33,MS-PMerge,16384,,476923,2.187460030235489,12,32768,262144,12582912,64,,1
2025-05-01 04:44:33,MS-CacheAware,16384,,1645468,0.6340141528124521,12,32768,262144,12582912,64,,1
2025-05-01 04:44:57,MS-Seq,24576,,3822905,1,12,32768,262144,12582912,64,,1
2025-05-01 04:44:57,MS-Par,24576,,2298270,1.663383762569237,12,32768,262144,12582912,64,,1
2025-05-01 04:44:57,MS-PMerge,24576,,2366206,1.6156264501062039,12,32768,262144,12582912,64,,1
2025-05-01 04:44:58,MS-CacheAware,24576,,3926550,0.9736040544498351,12,32768,262144,12582912,64,,1
2025-05-01 04:45:41,MS-Seq,32768,,2348635,1,12,32768,262144,12582912,64,,1
2025-05-01 04:45:41,MS-Par,32768,,4098913,0.5729897170298565,12,32768,262144,12582912,64,,1
2025-05-01 04:45:41,MS-PMerge,32768,,2429402,0.9667543700054582,12,32768,262144,12582912,64,,1
2025-05-01 04:45:41,MS-CacheAware,32768,,4792396,0.49007531931835346,12,32768,262144,12582912,64,,1
2025-05-01 04:46:53,MS-Seq,49152,,5626987,1,12,32768,262144,12582912,64,,1
2025-05-01 04:46:53,MS-Par,49152,,3402027,1.6540100945700902,12,32768,262144,12582912,64,,1
2025-05-01 04:46:53,MS-PMerge,49152,,1581682,3.5575969126537443,12,32768,262144,12582912,64,,1
2025-05-01 04:46:53,MS-CacheAware,49152,,3955841,1.4224502450932683,12,32768,262144,12582912,64,,1
2025-05-01 04:49:14,MS-Seq,65536,,3323567,1,12,32768,262144,12582912,64,,1
2025-05-01 04:49:14,MS-Par,65536,,2802796,1.1858041041873901,12,32768,262144,12582912,64,,1
2025-05-01 04:49:14,MS-PMerge,65536,,1760180,1.8881972298287675,12,32768,262144,12582912,64,,1
2025-05-01 04:49:14,MS-CacheAware,65536,,5418950,0.6133230607405493,12,32768,262144,12582912,64,,1
2025-05-01 04:49:16,MS-Seq,4096,,1056903,1,12,32768,262144,12582912,64,,1
2025-05-01 04:49:16,MS-Par,4096,,111253,9.499995505739172,12,32768,262144,12582912,64,,1
2025-05-01 04:49:16,MS-PMerge,4096,,137680,7.676518012783266,12,32768,262144,12582912,64,,1
2025-05-01 04:49:16,MS-CacheAware,4096,,138645,7.623087742075084,12,32768,262144,12582912,64,,1
2025-05-01 04:49:19,MS-Seq,8192,,459641,1,12,32768,262144,12582912,64,,1
2025-05-01 04:49:19,MS-Par,8192,,408852,1.124223435375148,12,32768,262144,12582912,64,,1
2025-05-01 04:49:19,MS-PMerge,8192,,284823,1.61377767947111,12,32768,262144,12582912,64,,1
2025-05-01 04:49:19,MS-CacheAware,8192,,238745,1.9252382248842907,12,32768,262144,12582912,64,,1
2025-05-01 04:49:24,MS-Seq,12288,,368050,1,12,32768,262144,12582912,64,,1
2025-05-01 04:49:24,MS-Par,12288,,238963,1.5401965994735587,12,32768,262144,12582912,64,,1
2025-05-01 04:49:24,MS-PMerge,12288,,287325,1.2809536239450101,12,32768,262144,12582912,64,,1
2025-05-01 04:49:24,MS-CacheAware,12288,,528419,0.6965116697166454,12,32768,262144,12582912,64,,1
2025-05-01 04:49:34,MS-Seq,16384,,1089767,1,12,32768,262144,12582912,64,,1
2025-05-01 04:49:34,MS-Par,16384,,1401888,0.777356678992901,12,32768,262144,12582912,64,,1
2025-05-01 04:49:34,MS-PMerge,16384,,361926,3.0110215900487947,12,32768,262144,12582912,64,,1
2025-05-01 04:49:34,MS-CacheAware,16384,,915024,1.1909709472101278,12,32768,262144,12582912,64,,1
2025-05-01 04:49:58,MS-Seq,24576,,2803326,1,12,32768,262144,12582912,64,,1
2025-05-01 04:49:58,MS-Par,24576,,6139387,0.45661333940994436,12,32768,262144,12582912,64,,1
2025-05-01 04:49:58,MS-PMerge,24576,,6293521,0.44543046730121344,12,32768,262144,12582912,64,,1
2025-05-01 04:49:59,MS-CacheAware,24576,,3168446,0.8847636980399856,12,32768,262144,12582912,64,,1
2025-05-01 04:50:37,MS-Seq,32768,,2653849,1,12,32768,262144,12582912,64,,1
2025-05-01 04:50:37,MS-Par,32768,,2128541,1.2467925212622166,12,32768,262144,12582912,64,,1
2025-05-01 04:50:38,MS-PMerge,32768,,3460580,0.7668798293927608,12,32768,262144,12582912,64,,1
2025-05-01 04:50:38,MS-CacheAware,32768,,5373190,0.4939056686995993,12,32768,262144,12582912,64,,1
2025-05-01 04:51:51,MS-Seq,49152,,2769586,1,12,32768,262144,12582912,64,,1
2025-05-01 04:51:51,MS-Par,49152,,1228287,2.2548362068474224,12,32768,262144,12582912,64,,1
2025-05-01 04:51:51,MS-PMerge,49152,,1327276,2.086669238349823,12,32768,262144,12582912,64,,1
2025-05-01 04:51:51,MS-CacheAware,49152,,5171223,0.5355765937767526,12,32768,262144,12582912,64,,1
2025-05-01 04:54:09,MS-Seq,65536,,3608697,1,12,32768,262144,12582912,64,,1
2025-05-01 04:54:09,MS-Par,65536,,1539211,2.344510921504589,12,32768,262144,12582912,64,,1
2025-05-01 04:54:09,MS-PMerge,65536,,3099789,1.1641750454627717,12,32768,262144,12582912,64,,1
2025-05-01 04:54:09,MS-CacheAware,65536,,4211961,0.8567736026045826,12,32768,262144,12582912,64,,1
2025-05-01 04:54:11,MS-Seq,4096,,149992,1,12,32768,262144,12582912,64,,1
2025-05-01 04:54:11,MS-Par,4096,,112183,1.3370296747279,12,32768,262144,12582912,64,,1
2025-05-01 04:54:11,MS-PMerge,4096,,112535,1.332847558537344,12,32768,262144,12582912,64,,1
2025-05-01 04:54:11,MS-CacheAware,4096,,134377,1.116202921630934,12,32768,262144,12582912,64,,1
2025-05-01 04:54:14,MS-Seq,8192,,308564,1,12,32768,262144,12582912,64,,1
2025-05-01 04:54:14,MS-Par,8192,,250972,1.2294757980969988,12,32768,262144,12582912,64,,1
2025-05-01 04:54:14,MS-PMerge,8192,,232829,1.3252816444686872,12,32768,262144,12582912,64,,1
2025-05-01 04:54:14,MS-CacheAware,8192,,314108,0.9823500197384339,12,32768,262144,12582912,64,,1
2025-05-01 04:54:20,MS-Seq,12288,,1299693,1,12,32768,262144,12582912,64,,1
2025-05-01 04:54:20,MS-Par,12288,,481609,2.6986476581625345,12,32768,262144,12582912,64,,1
2025-05-01 04:54:20,MS-PMerge,12288,,437404,2.971378862561842,12,32768,262144,12582912,64,,1
2025-05-01 04:54:21,MS-CacheAware,12288,,1938377,0.6705057891215176,12,32768,262144,12582912,64,,1
2025-05-01 04:54:29,MS-Seq,16384,,1440492,1,12,32768,262144,12582912,64,,1
2025-05-01 04:54:29,MS-Par,16384,,1385389,1.0397743882765058,12,32768,262144,12582912,64,,1
2025-05-01 04:54:29,MS-PMerge,16384,,480908,2.9953587796418444,12,32768,262144,12582912,64,,1
2025-05-01 04:54:29,MS-CacheAware,16384,,1387483,1.0382051527838538,12,32768,262144,12582912,64,,1
2025-05-01 04:54:51,MS-Seq,24576,,3433604,1,12,32768,262144,12582912,64,,1
2025-05-01 04:54:52,MS-Par,24576,,1750434,1.9615729584777262,12,32768,262144,12582912,64,,1
2025-05-01 04:54:52,MS-PMerge,24576,,2331493,1.4727061157807464,12,32768,262144,12582912,64,,1
2025-05-01 04:54:52,MS-CacheAware,24576,,4232526,0.8112422699825116,12,32768,262144,12582912,64,,1
2025-05-01 04:55:29,MS-Seq,32768,,3218964,1,12,32768,262144,12582912,64,,1
2025-05-01 04:55:29,MS-Par,32768,,1256403,2.5620473685592917,12,32768,262144,12582912,64,,1
2025-05-01 04:55:29,MS-PMerge,32768,,1507970,2.1346339781295383,12,32768,262144,12582912,64,,1
2025-05-01 04:55:30,MS-CacheAware,32768,,3302051,0.9748377599255735,12,32768,262144,12582912,64,,1
2025-05-01 04:56:46,MS-Seq,49152,,5270083,1,12,32768,262144,12582912,64,,1
2025-05-01 04:56:46,MS-Par,49152,,1180371,4.464768280481306,12,32768,262144,12582912,64,,1
2025-05-01 04:56:46,MS-PMerge,49152,,1181464,4.460637818841708,12,32768,262144,12582912,64,,1
2025-05-01 04:56:46,MS-CacheAware,49152,,3161115,1.6671595307351994,12,32768,262144,12582912,64,,1
2025-05-01 04:59:05,MS-Seq,65536,,5227547,1,12,32768,262144,12582912,64,,1
2025-05-01 04:59:05,MS-Par,65536,,2267115,2.305814658718239,12,32768,262144,12582912,64,,1
2025-05-01 04:59:05,MS-PMerge,65536,,1253424,4.170613455622359,12,32768,262144,12582912,64,,1
2025-05-01 04:59:05,MS-CacheAware,65536,,4279676,1.2214819533067456,12,32768,262144,12582912,64,,1
2025-05-01 04:59:06,MS-Seq,4096,,148324,1,12,32768,262144,12582912,64,,1
2025-05-01 04:59:06,MS-Par,4096,,162237,0.9142427436404766,12,32768,262144,12582912,64,,1
2025-05-01 04:59:06,MS-PMerge,4096,,149205,0.9940953721390033,12,32768,262144,12582912,64,,1
2025-05-01 04:59:06,MS-CacheAware,4096,,140825,1.0532504881945677,12,32768,262144,12582912,64,,1
2025-05-01 04:59:09,MS-Seq,8192,,349842,1,12,32768,262144,12582912,64,,1
2025-05-01 04:59:09,MS-Par,8192,,290246,1.2053292724103002,12,32768,262144,12582912,64,,1
2025-05-01 04:59:10,MS-PMerge,8192,,1585459,0.2206566048065576,12,32768,262144,12582912,64,,1
2025-05-01 04:59:10,MS-CacheAware,8192,,360399,0.9707074658919698,12,32768,262144,12582912,64,,1
2025-05-01 04:59:15,MS-Seq,12288,,744898,1,12,32768,262144,12582912,64,,1
2025-05-01 04:59:15,MS-Par,12288,,452253,1.6470824958596184,12,32768,262144,12582912,64,,1
2025-05-01 04:59:15,MS-PMerge,12288,,1054600,0.7063322586762754,12,32768,262144,12582912,64,,1
2025-05-01 04:59:15,MS-CacheAware,12288,,533506,1.3962317199806562,12,32768,262144,12582912,64,,1
2025-05-01 04:59:23,MS-Seq,16384,,818933,1,12,32768,262144,12582912,64,,1
2025-05-01 04:59:23,MS-Par,16384,,2729552,0.3000246926968235,12,32768,262144,12582912,64,,1
2025-05-01 04:59:23,MS-PMerge,16384,,473364,1.7300280545204114,12,32768,262144,12582912,64,,1
2025-05-01 04:59:24,MS-CacheAware,16384,,1495828,0.5474780522894344,12,32768,262144,12582912,64,,1
2025-05-01 04:59:46,MS-Seq,24576,,2185812,1,12,32768,262144,12582912,64,,1
2025-05-01 04:59:46,MS-Par,24576,,315466,6.928835437099402,12,32768,262144,12582912,64,,1
2025-05-01 04:59:46,MS-PMerge,24576,,328738,6.649100499485913,12,32768,262144,12582912,64,,1
2025-05-01 04:59:46,MS-CacheAware,24576,,1042656,2.0963884541018323,12,32768,262144,12582912,64,,1
2025-05-01 05:00:25,MS-Seq,32768,,2405079,1,12,32768,262144,12582912,64,,1
2025-05-01 05:00:25,MS-Par,32768,,1193176,2.0156950860560388,12,32768,262144,12582912,64,,1
2025-05-01 05:00:25,MS-PMerge,32768,,1400460,1.7173492995158735,12,32768,262144,12582912,64,,1
2025-05-01 05:00:26,MS-CacheAware,32768,,3299720,0.7288736620076856,12,32768,262144,12582912,64,,1
2025-05-01 05:01:40,MS-Seq,49152,,6232257,1,12,32768,262144,12582912,64,,1
2025-05-01 05:01:40,MS-Par,49152,,2044779,3.0478878157492812,12,32768,262144,12582912,64,,1
2025-05-01 05:01:40,MS-PMerge,49152,,2911303,2.140710534080444,12,32768,262144,12582912,64,,1
2025-05-01 05:01:40,MS-CacheAware,49152,,3707859,1.6808236235520282,12,32768,262144,12582912,64,,1
2025-05-01 05:04:02,MS-Seq,65536,,5201092,1,12,32768,262144,12582912,64,,1
2025-05-01 05:04:02,MS-Par,65536,,3896015,1.3349774064011561,12,32768,262144,12582912,64,,1
2025-05-01 05:04:02,MS-PMerge,65536,,2868871,1.8129403517969265,12,32768,262144,12582912,64,,1
2025-05-01 05:04:02,MS-CacheAware,65536,,4254736,1.2224241410042833,12,32768,262144,12582912,64,,1
2025-05-01 05:04:03,MS-Seq,4096,,123689,1,12,32768,262144,12582912,64,,1
2025-05-01 05:04:03,MS-Par,4096,,113826,1.0866497988157362,12,32768,262144,12582912,64,,1
2025-05-01 05:04:03,MS-PMerge,4096,,172802,0.7157845395307925,12,32768,262144,12582912,64,,1
2025-05-01 05:04:03,MS-CacheAware,4096,,146555,0.8439766640510389,12,32768,262144,12582912,64,,1
2025-05-01 05:04:07,MS-Seq,8192,,483190,1,12,32768,262144,12582912,64,,1
2025-05-01 05:04:07,MS-Par,8192,,278654,1.7340142255269977,12,32768,262144,12582912,64,,1
2025-05-01 05:04:07,MS-PMerge,8192,,143334,3.371077343826308,12,32768,262144,12582912,64,,1
2025-05-01 05:04:07,MS-CacheAware,8192,,287304,1.6818074234956701,12,32768,262144,12582912,64,,1
2025-05-01 05:04:13,MS-Seq,12288,,739952,1,12,32768,262144,12582912,64,,1
2025-05-01 05:04:13,MS-Par,12288,,493048,1.5007707160357613,12,32768,262144,12582912,64,,1
2025-05-01 05:04:13,MS-PMerge,12288,,436936,1.693502023179596,12,32768,262144,12582912,64,,1
2025-05-01 05:04:13,MS-CacheAware,12288,,2081728,0.35545085621176253,12,32768,262144,12582912,64,,1
2025-05-01 05:04:22,MS-Seq,16384,,1926507,1,12,32768,262144,12582912,64,,1
2025-05-01 05:04:22,MS-Par,16384,,635004,3.0338501804713043,12,32768,262144,12582912,64,,1
2025-05-01 05:04:22,MS-PMerge,16384,,1346877,1.4303511011027734,12,32768,262144,12582912,64,,1
2025-05-01 05:04:22,MS-CacheAware,16384,,2395304,0.8042849675865777,12,32768,262144,12582912,64,,1
2025-05-01 05:04:43,MS-Seq,24576,,2447795,1,12,32768,262144,12582912,64,,1
2025-05-01 05:04:43,MS-Par,24576,,1485617,1.647662217112486,12,32768,262144,12582912,64,,1
2025-05-01 05:04:43,MS-PMerge,24576,,3436973,0.7121950041504544,12,32768,262144,12582912,64,,1
2025-05-01 05:04:44,MS-CacheAware,24576,,3396640,0.7206518795044514,12,32768,262144,12582912,64,,1
2025-05-01 05:05:24,MS-Seq,32768,,3959537,1,12,32768,262144,12582912,64,,1
2025-05-01 05:05:24,MS-Par,32768,,1500645,2.638556753929144,12,32768,262144,12582912,64,,1
2025-05-01 05:05:25,MS-PMerge,32768,,5203332,0.7609618221554958,12,32768,262144,12582912,64,,1
2025-05-01 05:05:25,MS-CacheAware,32768,,3796378,1.0429775433320918,12,32768,262144,12582912,64,,1
2025-05-01 05:06:43,MS-Seq,49152,,4913304,1,12,32768,262144,12582912,64,,1
2025-05-01 05:06:43,MS-Par,49152,,3732455,1.3163732717474155,12,32768,262144,12582912,64,,1
2025-05-01 05:06:43,MS-PMerge,49152,,1846710,2.660571502834771,12,32768,262144,12582912,64,,1
2025-05-01 05:06:44,MS-CacheAware,49152,,5925919,0.829121019035191,12,32768,262144,12582912,64,,1
2025-05-01 05:09:10,MS-Seq,65536,,4189557,1,12,32768,262144,12582912,64,,1
2025-05-01 05:09:10,MS-Par,65536,,1569382,2.669558463140268,12,32768,262144,12582912,64,,1
2025-05-01 05:09:10,MS-PMerge,65536,,1782708,2.350108374450555,12,32768,262144,12582912,64,,1
2025-05-01 05:09:10,MS-CacheAware,65536,,4268175,0.9815804178600924,12,32768,262144,12582912,64,,1
2025-05-01 05:09:12,MS-Seq,4096,,203122,1,12,32768,262144,12582912,64,,1
2025-05-01 05:09:12,MS-Par,4096,,147080,1.3810307315746533,12,32768,262144,12582912,64,,1
2025-05-01 05:09:12,MS-PMerge,4096,,1157411,0.17549686325773645,12,32768,262144,12582912,64,,1
2025-05-01 05:09:12,MS-CacheAware,4096,,133422,1.5224026022694908,12,32768,262144,12582912,64,,1
2025-05-01 05:09:15,MS-Seq,8192,,458756,1,12,32768,262144,12582912,64,,1
2025-05-01 05:09:15,MS-Par,8192,,188765,2.430302227637539,12,32768,262144,12582912,64,,1
2025-05-01 05:09:15,MS-PMerge,8192,,233488,1.9647947646131707,12,32768,262144,12582912,64,,1
2025-05-01 05:09:15,MS-CacheAware,8192,,295374,1.5531360241592016,12,32768,262144,12582912,64,,1
2025-05-01 05:09:21,MS-Seq,12288,,422477,1,12,32768,262144,12582912,64,,1
2025-05-01 05:09:21,MS-Par,12288,,310003,1.3628158437176414,12,32768,262144,12582912,64,,1
2025-05-01 05:09:21,MS-PMerge,12288,,301730,1.4001822821728036,12,32768,262144,12582912,64,,1
2025-05-01 05:09:21,MS-CacheAware,12288,,676360,0.6246333313619966,12,32768,262144,12582912,64,,1
2025-05-01 05:09:30,MS-Seq,16384,,983079,1,12,32768,262144,12582912,64,,1
2025-05-01 05:09:31,MS-Par,16384,,735093,1.3373532328562507,12,32768,262144,12582912,64,,1
2025-05-01 05:09:31,MS-PMerge,16384,,491540,1.9999979655775726,12,32768,262144,12582912,64,,1
2025-05-01 05:09:31,MS-CacheAware,16384,,1184331,0.8300711540945901,12,32768,262144,12582912,64,,1
2025-05-01 05:09:53,MS-Seq,24576,,4037565,1,12,32768,262144,12582912,64,,1
2025-05-01 05:09:53,MS-Par,24576,,1889608,2.136720949530273,12,32768,262144,12582912,64,,1
2025-05-01 05:09:54,MS-PMerge,24576,,2491383,1.6206119251837232,12,32768,262144,12582912,64,,1
2025-05-01 05:09:54,MS-CacheAware,24576,,2917601,1.3838646888316806,12,32768,262144,12582912,64,,1
2025-05-01 05:10:29,MS-Seq,32768,,3638422,1,12,32768,262144,12582912,64,,1
2025-05-01 05:10:29,MS-Par,32768,,1884288,1.9309266948576862,12,32768,262144,12582912,64,,1
2025-05-01 05:10:29,MS-PMerge,32768,,1349448,2.6962298658414405,12,32768,262144,12582912,64,,1
2025-05-01 05:10:29,MS-CacheAware,32768,,2938403,1.2382311071694387,12,32768,262144,12582912,64,,1
2025-05-01 05:11:46,MS-Seq,49152,,4719904,1,12,32768,262144,12582912,64,,1
2025-05-01 05:11:46,MS-Par,49152,,1267582,3.7235492457292705,12,32768,262144,12582912,64,,1
2025-05-01 05:11:46,MS-PMerge,49152,,1551174,3.0427946832528137,12,32768,262144,12582912,64,,1
2025-05-01 05:11:46,MS-CacheAware,49152,,3865980,1.2208816393256043,12,32768,262144,12582912,64,,1
2025-05-01 05:14:04,MS-Seq,65536,,6700528,1,12,32768,262144,12582912,64,,1
2025-05-01 05:14:04,MS-Par,65536,,3374884,1.9854098689021609,12,32768,262144,12582912,64,,1
2025-05-01 05:14:04,MS-PMerge,65536,,3492183,1.9187218997400766,12,32768,262144,12582912,64,,1
2025-05-01 05:14:05,MS-CacheAware,65536,,5142397,1.302997026483953,12,32768,262144,12582912,64,,1
2025-05-01 05:14:06,MS-Seq,4096,,109542,1,12,32768,262144,12582912,64,,1
2025-05-01 05:14:06,MS-Par,4096,,131968,0.8300648642095053,12,32768,262144,12582912,64,,1
2025-05-01 05:14:06,MS-PMerge,4096,,130862,0.8370802830462625,12,32768,262144,12582912,64,,1
2025-05-01 05:14:06,MS-CacheAware,4096,,109540,1.0000182581705312,12,32768,262144,12582912,64,,1
2025-05-01 05:14:09,MS-Seq,8192,,1137827,1,12,32768,262144,12582912,64,,1
2025-05-01 05:14:10,MS-Par,8192,,326292,3.4871434175523763,12,32768,262144,12582912,64,,1
2025-05-01 05:14:10,MS-PMerge,8192,,245847,4.628191517488519,12,32768,262144,12582912,64,,1
2025-05-01 05:14:10,MS-CacheAware,8192,,1183840,0.961132416542776,12,32768,262144,12582912,64,,1
2025-05-01 05:14:15,MS-Seq,12288,,699385,1,12,32768,262144,12582912,64,,1
2025-05-01 05:14:15,MS-Par,12288,,474514,1.4738975035510016,12,32768,262144,12582912,64,,1
2025-05-01 05:14:15,MS-PMerge,12288,,470939,1.4850861788894103,12,32768,262144,12582912,64,,1
2025-05-01 05:14:16,MS-CacheAware,12288,,1976542,0.3538427212778681,12,32768,262144,12582912,64,,1
2025-05-01 05:14:24,MS-Seq,16384,,1107206,1,12,32768,262144,12582912,64,,1
2025-05-01 05:14:24,MS-Par,16384,,577978,1.915654229053701,12,32768,262144,12582912,64,,1
2025-05-01 05:14:24,MS-PMerge,16384,,491872,2.251004326328801,12,32768,262144,12582912,64,,1
2025-05-01 05:14:24,MS-CacheAware,16384,,1542330,0.7178787937730576,12,32768,262144,12582912,64,,1
2025-05-01 05:14:46,MS-Seq,24576,,6678408,1,12,32768,262144,12582912,64,,1
2025-05-01 05:14:46,MS-Par,24576,,977759,6.83032117321344,12,32768,262144,12582912,64,,1
2025-05-01 05:14:46,MS-PMerge,24576,,1696278,3.9370952167038658,12,32768,262144,12582912,64,,1
2025-05-01 05:14:46,MS-CacheAware,24576,,1255889,5.3176737753097605,12,32768,262144,12582912,64,,1
2025-05-01 05:15:23,MS-Seq,32768,,2367547,1,12,32768,262144,12582912,64,,1
2025-05-01 05:15:23,MS-Par,32768,,1944210,1.2177424249438076,12,32768,262144,12582912,64,,1
2025-05-01 05:15:23,MS-PMerge,32768,,1586328,1.492470031418471,12,32768,262144,12582912,64,,1
2025-05-01 05:15:23,MS-CacheAware,32768,,3208997,0.737784111359406,12,32768,262144,12582912,64,,1
2025-05-01 05:16:38,MS-Seq,49152,,4302981,1,12,32768,262144,12582912,64,,1
2025-05-01 05:16:38,MS-Par,49152,,2411559,1.784315042675713,12,32768,262144,12582912,64,,1
2025-05-01 05:16:38,MS-PMerge,49152,,3699805,1.1630291326164488,12,32768,262144,12582912,64,,1
2025-05-01 05:16:38,MS-CacheAware,49152,,3822419,1.1257219577445592,12,32768,262144,12582912,64,,1
2025-05-01 05:18:58,MS-Seq,65536,,4847405,1,12,32768,262144,12582912,64,,1
2025-05-01 05:18:58,MS-Par,65536,,2696723,1.7975168380289708,12,32768,262144,12582912,64,,1
2025-05-01 05:18:58,MS-PMerge,65536,,3296515,1.4704635046405068,12,32768,262144,12582912,64,,1
2025-05-01 05:18:58,MS-CacheAware,65536,,5347545,0.9064729703069352,12,32768,262144,12582912,64,,1
2025-05-01 05:18:59,MS-Seq,4096,,137255,1,12,32768,262144,12582912,64,,1
2025-05-01 05:18:59,MS-Par,4096,,145499,0.9433398167685001,12,32768,262144,12582912,64,,1
2025-05-01 05:18:59,MS-PMerge,4096,,207069,0.6628466839555897,12,32768,262144,12582912,64,,1
2025-05-01 05:18:59,MS-CacheAware,4096,,151108,0.9083238478439262,12,32768,262144,12582912,64,,1
2025-05-01 05:19:02,MS-Seq,8192,,448986,1,12,32768,262144,12582912,64,,1
2025-05-01 05:19:02,MS-Par,8192,,254326,1.7653955946305135,12,32768,262144,12582912,64,,1
2025-05-01 05:19:02,MS-PMerge,8192,,256187,1.7525713638865361,12,32768,262144,12582912,64,,1
2025-05-01 05:19:03,MS-CacheAware,8192,,236311,1.8999792646131581,12,32768,262144,12582912,64,,1
2025-05-01 05:19:08,MS-Seq,12288,,693436,1,12,32768,262144,12582912,64,,1
2025-05-01 05:19:08,MS-Par,12288,,438856,1.5800991669249138,12,32768,262144,12582912,64,,1
2025-05-01 05:19:08,MS-PMerge,12288,,360309,1.9245591977996663,12,32768,262144,12582912,64,,1
2025-05-01 05:19:09,MS-CacheAware,12288,,1234686,0.5616294345282931,12,32768,262144,12582912,64,,1
2025-05-01 05:19:17,MS-Seq,16384,,1333404,1,12,32768,262144,12582912,64,,1
2025-05-01 05:19:17,MS-Par,16384,,449534,2.9661916562484705,12,32768,262144,12582912,64,,1
2025-05-01 05:19:17,MS-PMerge,16384,,916406,1.4550363048692392,12,32768,262144,12582912,64,,1
2025-05-01 05:19:18,MS-CacheAware,16384,,1327565,1.0043982780504157,12,32768,262144,12582912,64,,1
2025-05-01 05:19:37,MS-Seq,24576,,4667959,1,12,32768,262144,12582912,64,,1
2025-05-01 05:19:38,MS-Par,24576,,2111463,2.2107699732365664,12,32768,262144,12582912,64,,1
2025-05-01 05:19:38,MS-PMerge,24576,,3174278,1.4705577142266681,12,32768,262144,12582912,64,,1
2025-05-01 05:19:38,MS-CacheAware,24576,,3525231,1.3241569134051074,12,32768,262144,12582912,64,,1
2025-05-01 05:20:19,MS-Seq,32768,,2630283,1,12,32768,262144,12582912,64,,1
2025-05-01 05:20:19,MS-Par,32768,,1783925,1.474435864736466,12,32768,262144,12582912,64,,1
2025-05-01 05:20:19,MS-PMerge,32768,,1588803,1.6555123574162436,12,32768,262144,12582912,64,,1
2025-05-01 05:20:19,MS-CacheAware,32768,,2622348,1.0030259141807265,12,32768,262144,12582912,64,,1
2025-05-01 05:21:32,MS-Seq,49152,,7410059,1,12,32768,262144,12582912,64,,1
2025-05-01 05:21:32,MS-Par,49152,,2142841,3.4580535840036664,12,32768,262144,12582912,64,,1
2025-05-01 05:21:32,MS-PMerge,49152,,1149369,6.44706704287309,12,32768,262144,12582912,64,,1
2025-05-01 05:21:33,MS-CacheAware,49152,,4394982,1.6860271555150852,12,32768,262144,12582912,64,,1
2025-05-01 05:23:55,MS-Seq,65536,,3366330,1,12,32768,262144,12582912,64,,1
2025-05-01 05:23:55,MS-Par,65536,,2022882,1.664125737437972,12,32768,262144,12582912,64,,1
2025-05-01 05:23:55,MS-PMerge,65536,,1608838,2.092398364533906,12,32768,262144,12582912,64,,1
2025-05-01 05:23:55,MS-CacheAware,65536,,5678295,0.5928416892746855,12,32768,262144,12582912,64,,1
2025-05-01 05:23:56,MS-Seq,4096,,136030,1,12,32768,262144,12582912,64,,1
2025-05-01 05:23:56,MS-Par,4096,,140428,0.9686814595379839,12,32768,262144,12582912,64,,1
2025-05-01 05:23:56,MS-PMerge,4096,,151880,0.8956412957598103,12,32768,262144,12582912,64,,1
2025-05-01 05:23:56,MS-CacheAware,4096,,187947,0.7237678707295142,12,32768,262144,12582912,64,,1
2025-05-01 05:24:00,MS-Seq,8192,,450777,1,12,32768,262144,12582912,64,,1
2025-05-01 05:24:00,MS-Par,8192,,321528,1.4019836530566545,12,32768,262144,12582912,64,,1
2025-05-01 05:24:00,MS-PMerge,8192,,343543,1.312141420433541,12,32768,262144,12582912,64,,1
2025-05-01 05:24:00,MS-CacheAware,8192,,463661,0.9722124569459152,12,32768,262144,12582912,64,,1
2025-05-01 05:24:05,MS-Seq,12288,,699608,1,12,32768,262144,12582912,64,,1
2025-05-01 05:24:05,MS-Par,12288,,585363,1.1951694931179455,12,32768,262144,12582912,64,,1
2025-05-01 05:24:06,MS-PMerge,12288,,1188942,0.5884290402727803,12,32768,262144,12582912,64,,1
2025-05-01 05:24:06,MS-CacheAware,12288,,2076970,0.33684068619190455,12,32768,262144,12582912,64,,1
2025-05-01 05:24:14,MS-Seq,16384,,799351,1,12,32768,262144,12582912,64,,1
2025-05-01 05:24:14,MS-Par,16384,,464711,1.720103462151746,12,32768,262144,12582912,64,,1
2025-05-01 05:24:15,MS-PMerge,16384,,446339,1.7909055672930216,12,32768,262144,12582912,64,,1
2025-05-01 05:24:15,MS-CacheAware,16384,,1485966,0.5379335731773136,12,32768,262144,12582912,64,,1
2025-05-01 05:24:37,MS-Seq,24576,,1686413,1,12,32768,262144,12582912,64,,1
2025-05-01 05:24:37,MS-Par,24576,,1439688,1.1713739365751468,12,32768,262144,12582912,64,,1
2025-05-01 05:24:37,MS-PMerge,24576,,2002017,0.842356982982662,12,32768,262144,12582912,64,,1
2025-05-01 05:24:37,MS-CacheAware,24576,,2991246,0.5637827848328087,12,32768,262144,12582912,64,,1
2025-05-01 05:25:15,MS-Seq,32768,,3173737,1,12,32768,262144,12582912,64,,1
2025-05-01 05:25:15,MS-Par,32768,,2305402,1.3766523148674288,12,32768,262144,12582912,64,,1
2025-05-01 05:25:15,MS-PMerge,32768,,1519119,2.0891957772893366,12,32768,262144,12582912,64,,1
2025-05-01 05:25:16,MS-CacheAware,32768,,6418985,0.49442972681818076,12,32768,262144,12582912,64,,1
2025-05-01 05:26:30,MS-Seq,49152,,8889305,1,12,32768,262144,12582912,64,,1
2025-05-01 05:26:30,MS-Par,49152,,1079094,8.237748518664732,12,32768,262144,12582912,64,,1
2025-05-01 05:26:30,MS-PMerge,49152,,2106590,4.219760371026161,12,32768,262144,12582912,64,,1
2025-05-01 05:26:31,MS-CacheAware,49152,,5850365,1.519444513291051,12,32768,262144,12582912,64,,1
2025-05-01 05:28:50,MS-Seq,65536,,3382578,1,12,32768,262144,12582912,64,,1
2025-05-01 05:28:50,MS-Par,65536,,1686118,2.006133615796759,12,32768,262144,12582912,64,,1
2025-05-01 05:28:50,MS-PMerge,65536,,1663148,2.0338406443683907,12,32768,262144,12582912,64,,1
2025-05-01 05:28:50,MS-CacheAware,65536,,5169131,0.6543803977883323,12,32768,262144,12582912,64,,1
