Date,Algorithm,ArraySizeA,ArraySizeB,AvgTime,Speedup,MaxCPUs,L1CacheSize,L2CacheSize,L3CacheSize,CacheLineLength,BlockSize,NumRuns
2025-04-30 18:48:03,MS-Seq,4096,,149715,1,12,32768,262144,12582912,64,,1
2025-04-30 18:48:03,MS-Par,4096,,150620,0.9939915017925907,12,32768,262144,12582912,64,,1
2025-04-30 18:48:03,MS-PMerge,4096,,146072,1.0249397557368969,12,32768,262144,12582912,64,,1
2025-04-30 18:48:03,MS-CacheAware,4096,,120503,1.2424172012315047,12,32768,262144,12582912,64,,1
2025-04-30 18:48:04,MS-Seq,8192,,273546,1,12,32768,262144,12582912,64,,1
2025-04-30 18:48:04,MS-Par,8192,,215469,1.269537613299361,12,32768,262144,12582912,64,,1
2025-04-30 18:48:05,MS-PMerge,8192,,223288,1.2250815090824405,12,32768,262144,12582912,64,,1
2025-04-30 18:48:05,MS-CacheAware,8192,,271279,1.0083567102503326,12,32768,262144,12582912,64,,1
2025-04-30 18:48:08,MS-Seq,12288,,580620,1,12,32768,262144,12582912,64,,1
2025-04-30 18:48:08,MS-Par,12288,,385763,1.50512101990082,12,32768,262144,12582912,64,,1
2025-04-30 18:48:08,MS-PMerge,12288,,364351,1.593573230209331,12,32768,262144,12582912,64,,1
2025-04-30 18:48:08,MS-CacheAware,12288,,956208,0.6072109833843683,12,32768,262144,12582912,64,,1
2025-04-30 18:48:14,MS-Seq,16384,,683654,1,12,32768,262144,12582912,64,,1
2025-04-30 18:48:14,MS-Par,16384,,412866,1.6558738186239603,12,32768,262144,12582912,64,,1
2025-04-30 18:48:14,MS-PMerge,16384,,426925,1.6013444984482053,12,32768,262144,12582912,64,,1
2025-04-30 18:48:14,MS-CacheAware,16384,,907669,0.7531974761724813,12,32768,262144,12582912,64,,1
2025-04-30 18:48:26,MS-Seq,24576,,999511,1,12,32768,262144,12582912,64,,1
2025-04-30 18:48:26,MS-Par,24576,,689381,1.4498673447629105,12,32768,262144,12582912,64,,1
2025-04-30 18:48:26,MS-PMerge,24576,,1608212,0.621504503137646,12,32768,262144,12582912,64,,1
2025-04-30 18:48:27,MS-CacheAware,24576,,1350887,0.7398923818202411,12,32768,262144,12582912,64,,1
2025-04-30 18:48:51,MS-Seq,32768,,2828442,1,12,32768,262144,12582912,64,,1
2025-04-30 18:48:51,MS-Par,32768,,1767170,1.6005489002189943,12,32768,262144,12582912,64,,1
2025-04-30 18:48:51,MS-PMerge,32768,,2611456,1.0830900463189883,12,32768,262144,12582912,64,,1
2025-04-30 18:48:52,MS-CacheAware,32768,,2485137,1.1381432894846442,12,32768,262144,12582912,64,,1
2025-04-30 18:49:57,MS-Seq,49152,,4988950,1,12,32768,262144,12582912,64,,1
2025-04-30 18:49:57,MS-Par,49152,,1100353,4.53395410381941,12,32768,262144,12582912,64,,1
2025-04-30 18:49:57,MS-PMerge,49152,,2355675,2.1178430810701814,12,32768,262144,12582912,64,,1
2025-04-30 18:49:58,MS-CacheAware,49152,,3048132,1.6367237376859007,12,32768,262144,12582912,64,,1
2025-04-30 18:52:13,MS-Seq,65536,,4750302,1,12,32768,262144,12582912,64,,1
2025-04-30 18:52:13,MS-Par,65536,,2628676,1.807108217216576,12,32768,262144,12582912,64,,1
2025-04-30 18:52:13,MS-PMerge,65536,,2817134,1.6862179789814755,12,32768,262144,12582912,64,,1
2025-04-30 18:52:13,MS-CacheAware,65536,,4423931,1.073773980652049,12,32768,262144,12582912,64,,1
2025-04-30 18:52:14,MS-Seq,4096,,128295,1,12,32768,262144,12582912,64,,1
2025-04-30 18:52:14,MS-Par,4096,,158314,0.8103831625756408,12,32768,262144,12582912,64,,1
2025-04-30 18:52:14,MS-PMerge,4096,,141946,0.9038296253504854,12,32768,262144,12582912,64,,1
2025-04-30 18:52:15,MS-CacheAware,4096,,109387,1.1728541782844397,12,32768,262144,12582912,64,,1
2025-04-30 18:52:18,MS-Seq,8192,,472387,1,12,32768,262144,12582912,64,,1
2025-04-30 18:52:18,MS-Par,8192,,258736,1.8257490260342588,12,32768,262144,12582912,64,,1
2025-04-30 18:52:18,MS-PMerge,8192,,363108,1.3009545369421769,12,32768,262144,12582912,64,,1
2025-04-30 18:52:18,MS-CacheAware,8192,,346781,1.3622055418261092,12,32768,262144,12582912,64,,1
2025-04-30 18:52:23,MS-Seq,12288,,730982,1,12,32768,262144,12582912,64,,1
2025-04-30 18:52:23,MS-Par,12288,,1783907,0.40976463459137724,12,32768,262144,12582912,64,,1
2025-04-30 18:52:24,MS-PMerge,12288,,3006747,0.24311390349770035,12,32768,262144,12582912,64,,1
2025-04-30 18:52:24,MS-CacheAware,12288,,1125615,0.6494067687441977,12,32768,262144,12582912,64,,1
2025-04-30 18:52:32,MS-Seq,16384,,1708134,1,12,32768,262144,12582912,64,,1
2025-04-30 18:52:32,MS-Par,16384,,1037613,1.6462149182787802,12,32768,262144,12582912,64,,1
2025-04-30 18:52:32,MS-PMerge,16384,,1358604,1.2572714345018858,12,32768,262144,12582912,64,,1
2025-04-30 18:52:32,MS-CacheAware,16384,,2378475,0.7181635291520827,12,32768,262144,12582912,64,,1
2025-04-30 18:52:55,MS-Seq,24576,,3527578,1,12,32768,262144,12582912,64,,1
2025-04-30 18:52:55,MS-Par,24576,,2991573,1.1791716264319807,12,32768,262144,12582912,64,,1
2025-04-30 18:52:55,MS-PMerge,24576,,3317962,1.0631761304077623,12,32768,262144,12582912,64,,1
2025-04-30 18:52:55,MS-CacheAware,24576,,4616866,0.7640633278072182,12,32768,262144,12582912,64,,1
2025-04-30 18:53:31,MS-Seq,32768,,2409029,1,12,32768,262144,12582912,64,,1
2025-04-30 18:53:31,MS-Par,32768,,2833150,0.8503005488590438,12,32768,262144,12582912,64,,1
2025-04-30 18:53:31,MS-PMerge,32768,,5025834,0.47932920187972783,12,32768,262144,12582912,64,,1
2025-04-30 18:53:31,MS-CacheAware,32768,,5421552,0.4443430589617143,12,32768,262144,12582912,64,,1
2025-04-30 18:54:43,MS-Seq,49152,,4380562,1,12,32768,262144,12582912,64,,1
2025-04-30 18:54:43,MS-Par,49152,,1167750,3.751284093341897,12,32768,262144,12582912,64,,1
2025-04-30 18:54:43,MS-PMerge,49152,,1068124,4.101173646505462,12,32768,262144,12582912,64,,1
2025-04-30 18:54:44,MS-CacheAware,49152,,3099361,1.413375853926019,12,32768,262144,12582912,64,,1
2025-04-30 18:57:02,MS-Seq,65536,,5870134,1,12,32768,262144,12582912,64,,1
2025-04-30 18:57:02,MS-Par,65536,,1477259,3.973666093758779,12,32768,262144,12582912,64,,1
2025-04-30 18:57:02,MS-PMerge,65536,,1631825,3.5972815712469166,12,32768,262144,12582912,64,,1
2025-04-30 18:57:02,MS-CacheAware,65536,,4167148,1.4086694305073877,12,32768,262144,12582912,64,,1
2025-04-30 18:57:03,MS-Seq,4096,,799998,1,12,32768,262144,12582912,64,,1
2025-04-30 18:57:04,MS-Par,4096,,205268,3.8973342167312977,12,32768,262144,12582912,64,,1
2025-04-30 18:57:04,MS-PMerge,4096,,139178,5.748020520484559,12,32768,262144,12582912,64,,1
2025-04-30 18:57:04,MS-CacheAware,4096,,178145,4.490712621740717,12,32768,262144,12582912,64,,1
2025-04-30 18:57:06,MS-Seq,8192,,352310,1,12,32768,262144,12582912,64,,1
2025-04-30 18:57:06,MS-Par,8192,,148163,2.3778541201244576,12,32768,262144,12582912,64,,1
2025-04-30 18:57:06,MS-PMerge,8192,,232271,1.51680580012141,12,32768,262144,12582912,64,,1
2025-04-30 18:57:07,MS-CacheAware,8192,,295598,1.1918551546356877,12,32768,262144,12582912,64,,1
2025-04-30 18:57:12,MS-Seq,12288,,1468543,1,12,32768,262144,12582912,64,,1
2025-04-30 18:57:12,MS-Par,12288,,2372841,0.6188965042326898,12,32768,262144,12582912,64,,1
2025-04-30 18:57:12,MS-PMerge,12288,,530029,2.7706842455790155,12,32768,262144,12582912,64,,1
2025-04-30 18:57:13,MS-CacheAware,12288,,5308062,0.2766627443311702,12,32768,262144,12582912,64,,1
2025-04-30 18:57:21,MS-Seq,16384,,1087708,1,12,32768,262144,12582912,64,,1
2025-04-30 18:57:21,MS-Par,16384,,492579,2.2081899553168123,12,32768,262144,12582912,64,,1
2025-04-30 18:57:21,MS-PMerge,16384,,1257238,0.8651567960879324,12,32768,262144,12582912,64,,1
2025-04-30 18:57:21,MS-CacheAware,16384,,2280758,0.4769063618323382,12,32768,262144,12582912,64,,1
2025-04-30 18:57:42,MS-Seq,24576,,2523724,1,12,32768,262144,12582912,64,,1
2025-04-30 18:57:42,MS-Par,24576,,967561,2.608335805184376,12,32768,262144,12582912,64,,1
2025-04-30 18:57:42,MS-PMerge,24576,,1308012,1.9294348981507814,12,32768,262144,12582912,64,,1
2025-04-30 18:57:43,MS-CacheAware,24576,,2358454,1.0700755664515822,12,32768,262144,12582912,64,,1
2025-04-30 18:58:18,MS-Seq,32768,,3174664,1,12,32768,262144,12582912,64,,1
2025-04-30 18:58:18,MS-Par,32768,,2125153,1.4938519720697756,12,32768,262144,12582912,64,,1
2025-04-30 18:58:18,MS-PMerge,32768,,2065942,1.53666656663159,12,32768,262144,12582912,64,,1
2025-04-30 18:58:19,MS-CacheAware,32768,,3161844,1.0040545959889229,12,32768,262144,12582912,64,,1
2025-04-30 18:59:34,MS-Seq,49152,,3196143,1,12,32768,262144,12582912,64,,1
2025-04-30 18:59:34,MS-Par,49152,,1029702,3.103949492183175,12,32768,262144,12582912,64,,1
2025-04-30 18:59:34,MS-PMerge,49152,,1127754,2.8340781766236254,12,32768,262144,12582912,64,,1
2025-04-30 18:59:34,MS-CacheAware,49152,,10827328,0.29519222101704135,12,32768,262144,12582912,64,,1
2025-04-30 19:01:56,MS-Seq,65536,,4417399,1,12,32768,262144,12582912,64,,1
2025-04-30 19:01:56,MS-Par,65536,,3862849,1.1435598440425707,12,32768,262144,12582912,64,,1
2025-04-30 19:01:57,MS-PMerge,65536,,3624375,1.2188029660286257,12,32768,262144,12582912,64,,1
2025-04-30 19:01:57,MS-CacheAware,65536,,5128153,0.861401561146869,12,32768,262144,12582912,64,,1
2025-04-30 19:01:58,MS-Seq,4096,,115561,1,12,32768,262144,12582912,64,,1
2025-04-30 19:01:58,MS-Par,4096,,260077,0.44433379345347723,12,32768,262144,12582912,64,,1
2025-04-30 19:01:58,MS-PMerge,4096,,153542,0.7526344583241068,12,32768,262144,12582912,64,,1
2025-04-30 19:01:58,MS-CacheAware,4096,,140185,0.8243463994007918,12,32768,262144,12582912,64,,1
2025-04-30 19:02:01,MS-Seq,8192,,346728,1,12,32768,262144,12582912,64,,1
2025-04-30 19:02:01,MS-Par,8192,,288037,1.2037620166853564,12,32768,262144,12582912,64,,1
2025-04-30 19:02:01,MS-PMerge,8192,,272131,1.2741216546442706,12,32768,262144,12582912,64,,1
2025-04-30 19:02:01,MS-CacheAware,8192,,443009,0.7826658149157241,12,32768,262144,12582912,64,,1
2025-04-30 19:02:06,MS-Seq,12288,,1432547,1,12,32768,262144,12582912,64,,1
2025-04-30 19:02:06,MS-Par,12288,,1244472,1.1511283500151068,12,32768,262144,12582912,64,,1
2025-04-30 19:02:07,MS-PMerge,12288,,815628,1.7563730033789915,12,32768,262144,12582912,64,,1
2025-04-30 19:02:07,MS-CacheAware,12288,,971029,1.4752875557784577,12,32768,262144,12582912,64,,1
2025-04-30 19:02:15,MS-Seq,16384,,1039393,1,12,32768,262144,12582912,64,,1
2025-04-30 19:02:15,MS-Par,16384,,651123,1.5963082244061413,12,32768,262144,12582912,64,,1
2025-04-30 19:02:15,MS-PMerge,16384,,479492,2.167696228508505,12,32768,262144,12582912,64,,1
2025-04-30 19:02:16,MS-CacheAware,16384,,1519189,0.6841762282375662,12,32768,262144,12582912,64,,1
2025-04-30 19:02:37,MS-Seq,24576,,2416528,1,12,32768,262144,12582912,64,,1
2025-04-30 19:02:37,MS-Par,24576,,1284548,1.881228260835718,12,32768,262144,12582912,64,,1
2025-04-30 19:02:37,MS-PMerge,24576,,1153305,2.095306965633549,12,32768,262144,12582912,64,,1
2025-04-30 19:02:37,MS-CacheAware,24576,,3250559,0.74341920881916,12,32768,262144,12582912,64,,1
2025-04-30 19:03:14,MS-Seq,32768,,3716343,1,12,32768,262144,12582912,64,,1
2025-04-30 19:03:14,MS-Par,32768,,3242694,1.1460665113636994,12,32768,262144,12582912,64,,1
2025-04-30 19:03:14,MS-PMerge,32768,,2015718,1.8436820031373435,12,32768,262144,12582912,64,,1
2025-04-30 19:03:15,MS-CacheAware,32768,,24950359,0.14894948004555766,12,32768,262144,12582912,64,,1
2025-04-30 19:04:31,MS-Seq,49152,,4594013,1,12,32768,262144,12582912,64,,1
2025-04-30 19:04:32,MS-Par,49152,,1185409,3.87546661110216,12,32768,262144,12582912,64,,1
2025-04-30 19:04:32,MS-PMerge,49152,,1103146,4.164465084404059,12,32768,262144,12582912,64,,1
2025-04-30 19:04:32,MS-CacheAware,49152,,3139450,1.4633177785917915,12,32768,262144,12582912,64,,1
2025-04-30 19:06:51,MS-Seq,65536,,5843923,1,12,32768,262144,12582912,64,,1
2025-04-30 19:06:51,MS-Par,65536,,1468416,3.9797462027109485,12,32768,262144,12582912,64,,1
2025-04-30 19:06:51,MS-PMerge,65536,,1154016,5.063987847655492,12,32768,262144,12582912,64,,1
2025-04-30 19:06:51,MS-CacheAware,65536,,5267768,1.1093736474347389,12,32768,262144,12582912,64,,1
2025-04-30 19:06:52,MS-Seq,4096,,137812,1,12,32768,262144,12582912,64,,1
2025-04-30 19:06:53,MS-Par,4096,,141518,0.9738125185488772,12,32768,262144,12582912,64,,1
2025-04-30 19:06:53,MS-PMerge,4096,,152373,0.9044384503816293,12,32768,262144,12582912,64,,1
2025-04-30 19:06:53,MS-CacheAware,4096,,125725,1.096138397295685,12,32768,262144,12582912,64,,1
2025-04-30 19:06:56,MS-Seq,8192,,459112,1,12,32768,262144,12582912,64,,1
2025-04-30 19:06:56,MS-Par,8192,,292666,1.568723391169456,12,32768,262144,12582912,64,,1
2025-04-30 19:06:56,MS-PMerge,8192,,146230,3.1396567051904536,12,32768,262144,12582912,64,,1
2025-04-30 19:06:56,MS-CacheAware,8192,,242600,1.8924649629018961,12,32768,262144,12582912,64,,1
2025-04-30 19:07:02,MS-Seq,12288,,3377032,1,12,32768,262144,12582912,64,,1
2025-04-30 19:07:02,MS-Par,12288,,456622,7.3956839574089726,12,32768,262144,12582912,64,,1
2025-04-30 19:07:02,MS-PMerge,12288,,460075,7.340177145030702,12,32768,262144,12582912,64,,1
2025-04-30 19:07:02,MS-CacheAware,12288,,1192345,2.832260797000868,12,32768,262144,12582912,64,,1
2025-04-30 19:07:10,MS-Seq,16384,,1849304,1,12,32768,262144,12582912,64,,1
2025-04-30 19:07:11,MS-Par,16384,,628117,2.9442030704470663,12,32768,262144,12582912,64,,1
2025-04-30 19:07:11,MS-PMerge,16384,,636484,2.9054995883635724,12,32768,262144,12582912,64,,1
2025-04-30 19:07:11,MS-CacheAware,16384,,1567407,1.1798492669740532,12,32768,262144,12582912,64,,1
2025-04-30 19:07:33,MS-Seq,24576,,2504462,1,12,32768,262144,12582912,64,,1
2025-04-30 19:07:33,MS-Par,24576,,1373752,1.8230816042488018,12,32768,262144,12582912,64,,1
2025-04-30 19:07:33,MS-PMerge,24576,,2518567,0.9943995931019505,12,32768,262144,12582912,64,,1
2025-04-30 19:07:33,MS-CacheAware,24576,,4788364,0.5230308305717778,12,32768,262144,12582912,64,,1
2025-04-30 19:08:09,MS-Seq,32768,,4589830,1,12,32768,262144,12582912,64,,1
2025-04-30 19:08:09,MS-Par,32768,,2462234,1.8640917150847565,12,32768,262144,12582912,64,,1
2025-04-30 19:08:09,MS-PMerge,32768,,5325810,0.861808814058331,12,32768,262144,12582912,64,,1
2025-04-30 19:08:10,MS-CacheAware,32768,,3238111,1.4174406003994304,12,32768,262144,12582912,64,,1
2025-04-30 19:09:21,MS-Seq,49152,,3681026,1,12,32768,262144,12582912,64,,1
2025-04-30 19:09:21,MS-Par,49152,,1230505,2.9914758574731515,12,32768,262144,12582912,64,,1
2025-04-30 19:09:21,MS-PMerge,49152,,1307552,2.815204290154426,12,32768,262144,12582912,64,,1
2025-04-30 19:09:21,MS-CacheAware,49152,,4376979,0.8409969524642453,12,32768,262144,12582912,64,,1
2025-04-30 19:11:39,MS-Seq,65536,,4636258,1,12,32768,262144,12582912,64,,1
2025-04-30 19:11:39,MS-Par,65536,,4627977,1.0017893347352418,12,32768,262144,12582912,64,,1
2025-04-30 19:11:39,MS-PMerge,65536,,3307175,1.4018786426481815,12,32768,262144,12582912,64,,1
2025-04-30 19:11:39,MS-CacheAware,65536,,4309348,1.0758606638405623,12,32768,262144,12582912,64,,1
2025-04-30 19:11:41,MS-Seq,4096,,110005,1,12,32768,262144,12582912,64,,1
2025-04-30 19:11:41,MS-Par,4096,,149708,0.7347970716327785,12,32768,262144,12582912,64,,1
2025-04-30 19:11:41,MS-PMerge,4096,,143636,0.7658595338216047,12,32768,262144,12582912,64,,1
2025-04-30 19:11:41,MS-CacheAware,4096,,110122,0.998937541998874,12,32768,262144,12582912,64,,1
2025-04-30 19:11:44,MS-Seq,8192,,490516,1,12,32768,262144,12582912,64,,1
2025-04-30 19:11:44,MS-Par,8192,,272325,1.801215459469384,12,32768,262144,12582912,64,,1
2025-04-30 19:11:44,MS-PMerge,8192,,361779,1.3558443137937801,12,32768,262144,12582912,64,,1
2025-04-30 19:11:45,MS-CacheAware,8192,,287783,1.7044648224530288,12,32768,262144,12582912,64,,1
2025-04-30 19:11:50,MS-Seq,12288,,717454,1,12,32768,262144,12582912,64,,1
2025-04-30 19:11:50,MS-Par,12288,,554831,1.2931036658009376,12,32768,262144,12582912,64,,1
2025-04-30 19:11:50,MS-PMerge,12288,,1064266,0.6741303395955522,12,32768,262144,12582912,64,,1
2025-04-30 19:11:50,MS-CacheAware,12288,,1234297,0.5812652870419356,12,32768,262144,12582912,64,,1
2025-04-30 19:11:58,MS-Seq,16384,,1049226,1,12,32768,262144,12582912,64,,1
2025-04-30 19:11:58,MS-Par,16384,,451096,2.325948356890773,12,32768,262144,12582912,64,,1
2025-04-30 19:11:58,MS-PMerge,16384,,470005,2.232371996042595,12,32768,262144,12582912,64,,1
2025-04-30 19:11:59,MS-CacheAware,16384,,1449001,0.7241030199427053,12,32768,262144,12582912,64,,1
2025-04-30 19:12:20,MS-Seq,24576,,1681585,1,12,32768,262144,12582912,64,,1
2025-04-30 19:12:20,MS-Par,24576,,340556,4.93776353962344,12,32768,262144,12582912,64,,1
2025-04-30 19:12:20,MS-PMerge,24576,,249948,6.7277393697889165,12,32768,262144,12582912,64,,1
2025-04-30 19:12:20,MS-CacheAware,24576,,1038898,1.6186237724973962,12,32768,262144,12582912,64,,1
2025-04-30 19:12:56,MS-Seq,32768,,1403213,1,12,32768,262144,12582912,64,,1
2025-04-30 19:12:56,MS-Par,32768,,2889598,0.4856083787433408,12,32768,262144,12582912,64,,1
2025-04-30 19:12:56,MS-PMerge,32768,,838042,1.6743946007479338,12,32768,262144,12582912,64,,1
2025-04-30 19:12:56,MS-CacheAware,32768,,2726909,0.5145800611608234,12,32768,262144,12582912,64,,1
2025-04-30 19:14:10,MS-Seq,49152,,6909277,1,12,32768,262144,12582912,64,,1
2025-04-30 19:14:10,MS-Par,49152,,1258646,5.489452157318261,12,32768,262144,12582912,64,,1
2025-04-30 19:14:10,MS-PMerge,49152,,1220986,5.658768405206939,12,32768,262144,12582912,64,,1
2025-04-30 19:14:11,MS-CacheAware,49152,,5771631,1.1971099677023704,12,32768,262144,12582912,64,,1
2025-04-30 19:16:36,MS-Seq,65536,,4699221,1,12,32768,262144,12582912,64,,1
2025-04-30 19:16:36,MS-Par,65536,,1548199,3.035282286062709,12,32768,262144,12582912,64,,1
2025-04-30 19:16:36,MS-PMerge,65536,,4718349,0.9959460395998685,12,32768,262144,12582912,64,,1
2025-04-30 19:16:37,MS-CacheAware,65536,,4426711,1.061560377445015,12,32768,262144,12582912,64,,1
2025-04-30 19:16:38,MS-Seq,4096,,137405,1,12,32768,262144,12582912,64,,1
2025-04-30 19:16:38,MS-Par,4096,,145515,0.9442669140638422,12,32768,262144,12582912,64,,1
2025-04-30 19:16:38,MS-PMerge,4096,,151838,0.9049447437400387,12,32768,262144,12582912,64,,1
2025-04-30 19:16:38,MS-CacheAware,4096,,200857,0.684093658672588,12,32768,262144,12582912,64,,1
2025-04-30 19:16:41,MS-Seq,8192,,296301,1,12,32768,262144,12582912,64,,1
2025-04-30 19:16:41,MS-Par,8192,,229208,1.2927166591043944,12,32768,262144,12582912,64,,1
2025-04-30 19:16:41,MS-PMerge,8192,,232635,1.2736733509575084,12,32768,262144,12582912,64,,1
2025-04-30 19:16:41,MS-CacheAware,8192,,288445,1.0272356948465045,12,32768,262144,12582912,64,,1
2025-04-30 19:16:47,MS-Seq,12288,,703768,1,12,32768,262144,12582912,64,,1
2025-04-30 19:16:47,MS-Par,12288,,501011,1.404695705283916,12,32768,262144,12582912,64,,1
2025-04-30 19:16:47,MS-PMerge,12288,,575834,1.2221716675291838,12,32768,262144,12582912,64,,1
2025-04-30 19:16:48,MS-CacheAware,12288,,1703348,0.41316747957551836,12,32768,262144,12582912,64,,1
2025-04-30 19:16:56,MS-Seq,16384,,1861321,1,12,32768,262144,12582912,64,,1
2025-04-30 19:16:56,MS-Par,16384,,1061303,1.7538073481371483,12,32768,262144,12582912,64,,1
2025-04-30 19:16:56,MS-PMerge,16384,,825291,2.255351142809021,12,32768,262144,12582912,64,,1
2025-04-30 19:16:56,MS-CacheAware,16384,,2175545,0.8555653870639311,12,32768,262144,12582912,64,,1
2025-04-30 19:17:17,MS-Seq,24576,,1834919,1,12,32768,262144,12582912,64,,1
2025-04-30 19:17:17,MS-Par,24576,,2845622,0.644821764802212,12,32768,262144,12582912,64,,1
2025-04-30 19:17:17,MS-PMerge,24576,,2524674,0.7267944296966657,12,32768,262144,12582912,64,,1
2025-04-30 19:17:17,MS-CacheAware,24576,,3385687,0.54196356603549,12,32768,262144,12582912,64,,1
2025-04-30 19:17:56,MS-Seq,32768,,3405988,1,12,32768,262144,12582912,64,,1
2025-04-30 19:17:56,MS-Par,32768,,1455613,2.339899410076717,12,32768,262144,12582912,64,,1
2025-04-30 19:17:56,MS-PMerge,32768,,3010623,1.1313233174661856,12,32768,262144,12582912,64,,1
2025-04-30 19:17:57,MS-CacheAware,32768,,4678805,0.7279610926294214,12,32768,262144,12582912,64,,1
2025-04-30 19:19:10,MS-Seq,49152,,3922139,1,12,32768,262144,12582912,64,,1
2025-04-30 19:19:10,MS-Par,49152,,2994648,1.3097162003681233,12,32768,262144,12582912,64,,1
2025-04-30 19:19:10,MS-PMerge,49152,,1275072,3.0760137466746977,12,32768,262144,12582912,64,,1
2025-04-30 19:19:10,MS-CacheAware,49152,,3244267,1.2089445782360084,12,32768,262144,12582912,64,,1
2025-04-30 19:21:28,MS-Seq,65536,,5149570,1,12,32768,262144,12582912,64,,1
2025-04-30 19:21:28,MS-Par,65536,,1366651,3.7680212431703484,12,32768,262144,12582912,64,,1
2025-04-30 19:21:28,MS-PMerge,65536,,4752696,1.0835050253582388,12,32768,262144,12582912,64,,1
2025-04-30 19:21:28,MS-CacheAware,65536,,4176549,1.2329724851785528,12,32768,262144,12582912,64,,1
2025-04-30 19:21:29,MS-Seq,4096,,110347,1,12,32768,262144,12582912,64,,1
2025-04-30 19:21:29,MS-Par,4096,,121994,0.9045280915454859,12,32768,262144,12582912,64,,1
2025-04-30 19:21:29,MS-PMerge,4096,,144911,0.7614811850032088,12,32768,262144,12582912,64,,1
2025-04-30 19:21:29,MS-CacheAware,4096,,113036,0.9762111185816907,12,32768,262144,12582912,64,,1
2025-04-30 19:21:33,MS-Seq,8192,,548725,1,12,32768,262144,12582912,64,,1
2025-04-30 19:21:33,MS-Par,8192,,287998,1.9053083701970153,12,32768,262144,12582912,64,,1
2025-04-30 19:21:33,MS-PMerge,8192,,263511,2.0823608881602667,12,32768,262144,12582912,64,,1
2025-04-30 19:21:33,MS-CacheAware,8192,,347200,1.5804291474654377,12,32768,262144,12582912,64,,1
2025-04-30 19:21:38,MS-Seq,12288,,710141,1,12,32768,262144,12582912,64,,1
2025-04-30 19:21:38,MS-Par,12288,,1380669,0.5143455817433432,12,32768,262144,12582912,64,,1
2025-04-30 19:21:38,MS-PMerge,12288,,904286,0.7853057550376761,12,32768,262144,12582912,64,,1
2025-04-30 19:21:39,MS-CacheAware,12288,,1255115,0.5657975563992144,12,32768,262144,12582912,64,,1
2025-04-30 19:21:47,MS-Seq,16384,,2063044,1,12,32768,262144,12582912,64,,1
2025-04-30 19:21:47,MS-Par,16384,,716250,2.8803406631762654,12,32768,262144,12582912,64,,1
2025-04-30 19:21:47,MS-PMerge,16384,,1292908,1.5956618723064595,12,32768,262144,12582912,64,,1
2025-04-30 19:21:47,MS-CacheAware,16384,,1433609,1.4390562559247326,12,32768,262144,12582912,64,,1
2025-04-30 19:22:09,MS-Seq,24576,,2065782,1,12,32768,262144,12582912,64,,1
2025-04-30 19:22:09,MS-Par,24576,,2022892,1.0212023182651373,12,32768,262144,12582912,64,,1
2025-04-30 19:22:09,MS-PMerge,24576,,1226892,1.6837521151005956,12,32768,262144,12582912,64,,1
2025-04-30 19:22:09,MS-CacheAware,24576,,3042518,0.6789711679602224,12,32768,262144,12582912,64,,1
2025-04-30 19:22:48,MS-Seq,32768,,2425647,1,12,32768,262144,12582912,64,,1
2025-04-30 19:22:48,MS-Par,32768,,2083516,1.1642084822002807,12,32768,262144,12582912,64,,1
2025-04-30 19:22:49,MS-PMerge,32768,,2014278,1.2042265268249963,12,32768,262144,12582912,64,,1
2025-04-30 19:22:49,MS-CacheAware,32768,,3935896,0.616288387701301,12,32768,262144,12582912,64,,1
2025-04-30 19:24:04,MS-Seq,49152,,7008329,1,12,32768,262144,12582912,64,,1
2025-04-30 19:24:04,MS-Par,49152,,1140943,6.142575921847103,12,32768,262144,12582912,64,,1
2025-04-30 19:24:04,MS-PMerge,49152,,2717615,2.5788527808390813,12,32768,262144,12582912,64,,1
2025-04-30 19:24:05,MS-CacheAware,49152,,4581610,1.5296651177206266,12,32768,262144,12582912,64,,1
2025-04-30 19:26:29,MS-Seq,65536,,3680895,1,12,32768,262144,12582912,64,,1
2025-04-30 19:26:29,MS-Par,65536,,3422990,1.0753449469615746,12,32768,262144,12582912,64,,1
2025-04-30 19:26:29,MS-PMerge,65536,,2987559,1.2320744125890066,12,32768,262144,12582912,64,,1
2025-04-30 19:26:30,MS-CacheAware,65536,,4446615,0.8277970995914871,12,32768,262144,12582912,64,,1
2025-04-30 19:26:31,MS-Seq,4096,,137548,1,12,32768,262144,12582912,64,,1
2025-04-30 19:26:31,MS-Par,4096,,145842,0.9431302368316398,12,32768,262144,12582912,64,,1
2025-04-30 19:26:31,MS-PMerge,4096,,151973,0.9050818237450073,12,32768,262144,12582912,64,,1
2025-04-30 19:26:31,MS-CacheAware,4096,,146016,0.9420063554678939,12,32768,262144,12582912,64,,1
2025-04-30 19:26:34,MS-Seq,8192,,472198,1,12,32768,262144,12582912,64,,1
2025-04-30 19:26:34,MS-Par,8192,,269918,1.7494127846234782,12,32768,262144,12582912,64,,1
2025-04-30 19:26:34,MS-PMerge,8192,,889701,0.5307378546275658,12,32768,262144,12582912,64,,1
2025-04-30 19:26:35,MS-CacheAware,8192,,464469,1.016640507762628,12,32768,262144,12582912,64,,1
2025-04-30 19:26:39,MS-Seq,12288,,774791,1,12,32768,262144,12582912,64,,1
2025-04-30 19:26:40,MS-Par,12288,,1040804,0.7444158554348369,12,32768,262144,12582912,64,,1
2025-04-30 19:26:40,MS-PMerge,12288,,1043383,0.7425758326520558,12,32768,262144,12582912,64,,1
2025-04-30 19:26:40,MS-CacheAware,12288,,1859467,0.416673702733095,12,32768,262144,12582912,64,,1
2025-04-30 19:26:48,MS-Seq,16384,,1071082,1,12,32768,262144,12582912,64,,1
2025-04-30 19:26:48,MS-Par,16384,,2394548,0.44730028381139153,12,32768,262144,12582912,64,,1
2025-04-30 19:26:48,MS-PMerge,16384,,650413,1.646772127863373,12,32768,262144,12582912,64,,1
2025-04-30 19:26:49,MS-CacheAware,16384,,2230117,0.4802806310162202,12,32768,262144,12582912,64,,1
2025-04-30 19:27:10,MS-Seq,24576,,1878033,1,12,32768,262144,12582912,64,,1
2025-04-30 19:27:10,MS-Par,24576,,1101275,1.705326099294,12,32768,262144,12582912,64,,1
2025-04-30 19:27:10,MS-PMerge,24576,,1728047,1.0867950929575412,12,32768,262144,12582912,64,,1
2025-04-30 19:27:10,MS-CacheAware,24576,,1181038,1.5901545928242784,12,32768,262144,12582912,64,,1
2025-04-30 19:27:44,MS-Seq,32768,,4451390,1,12,32768,262144,12582912,64,,1
2025-04-30 19:27:45,MS-Par,32768,,2663906,1.6710011539446212,12,32768,262144,12582912,64,,1
2025-04-30 19:27:45,MS-PMerge,32768,,2420191,1.839272189674286,12,32768,262144,12582912,64,,1
2025-04-30 19:27:45,MS-CacheAware,32768,,3329877,1.3368031311667068,12,32768,262144,12582912,64,,1
2025-04-30 19:28:59,MS-Seq,49152,,3355509,1,12,32768,262144,12582912,64,,1
2025-04-30 19:29:00,MS-Par,49152,,1710015,1.962268752028491,12,32768,262144,12582912,64,,1
2025-04-30 19:29:00,MS-PMerge,49152,,1134475,2.957763723308138,12,32768,262144,12582912,64,,1
2025-04-30 19:29:00,MS-CacheAware,49152,,3172357,1.0577337292114348,12,32768,262144,12582912,64,,1
2025-04-30 19:31:14,MS-Seq,65536,,3839035,1,12,32768,262144,12582912,64,,1
2025-04-30 19:31:14,MS-Par,65536,,1656345,2.3177749804539514,12,32768,262144,12582912,64,,1
2025-04-30 19:31:14,MS-PMerge,65536,,1464469,2.6214518709511774,12,32768,262144,12582912,64,,1
2025-04-30 19:31:15,MS-CacheAware,65536,,4736563,0.8105107015361138,12,32768,262144,12582912,64,,1
2025-04-30 19:31:16,MS-Seq,4096,,186326,1,12,32768,262144,12582912,64,,1
2025-04-30 19:31:16,MS-Par,4096,,177452,1.0500078894574307,12,32768,262144,12582912,64,,1
2025-04-30 19:31:16,MS-PMerge,4096,,183309,1.0164585481345705,12,32768,262144,12582912,64,,1
2025-04-30 19:31:16,MS-CacheAware,4096,,112772,1.6522363707303231,12,32768,262144,12582912,64,,1
2025-04-30 19:31:19,MS-Seq,8192,,1119788,1,12,32768,262144,12582912,64,,1
2025-04-30 19:31:19,MS-Par,8192,,251398,4.454243868288531,12,32768,262144,12582912,64,,1
2025-04-30 19:31:19,MS-PMerge,8192,,280811,3.987692789812365,12,32768,262144,12582912,64,,1
2025-04-30 19:31:19,MS-CacheAware,8192,,296911,3.7714601345184247,12,32768,262144,12582912,64,,1
2025-04-30 19:31:25,MS-Seq,12288,,583863,1,12,32768,262144,12582912,64,,1
2025-04-30 19:31:25,MS-Par,12288,,655046,0.891331295817393,12,32768,262144,12582912,64,,1
2025-04-30 19:31:25,MS-PMerge,12288,,1923327,0.3035692838503281,12,32768,262144,12582912,64,,1
2025-04-30 19:31:25,MS-CacheAware,12288,,1176276,0.49636564887832446,12,32768,262144,12582912,64,,1
2025-04-30 19:31:33,MS-Seq,16384,,1957610,1,12,32768,262144,12582912,64,,1
2025-04-30 19:31:33,MS-Par,16384,,523131,3.7421028384859625,12,32768,262144,12582912,64,,1
2025-04-30 19:31:33,MS-PMerge,16384,,474452,4.126044362759562,12,32768,262144,12582912,64,,1
2025-04-30 19:31:34,MS-CacheAware,16384,,2720778,0.7195037595864124,12,32768,262144,12582912,64,,1
2025-04-30 19:31:59,MS-Seq,24576,,2758396,1,12,32768,262144,12582912,64,,1
2025-04-30 19:31:59,MS-Par,24576,,2809144,0.9819347103601667,12,32768,262144,12582912,64,,1
2025-04-30 19:31:59,MS-PMerge,24576,,1698443,1.6240733424671892,12,32768,262144,12582912,64,,1
2025-04-30 19:31:59,MS-CacheAware,24576,,1047637,2.632969244117953,12,32768,262144,12582912,64,,1
2025-04-30 19:32:37,MS-Seq,32768,,4086017,1,12,32768,262144,12582912,64,,1
2025-04-30 19:32:37,MS-Par,32768,,2533874,1.6125572936933723,12,32768,262144,12582912,64,,1
2025-04-30 19:32:37,MS-PMerge,32768,,1916044,2.132527749884658,12,32768,262144,12582912,64,,1
2025-04-30 19:32:37,MS-CacheAware,32768,,6023976,0.6782923769948619,12,32768,262144,12582912,64,,1
2025-04-30 19:33:50,MS-Seq,49152,,5471432,1,12,32768,262144,12582912,64,,1
2025-04-30 19:33:50,MS-Par,49152,,1247816,4.384806734326215,12,32768,262144,12582912,64,,1
2025-04-30 19:33:50,MS-PMerge,49152,,1273975,4.294771875429267,12,32768,262144,12582912,64,,1
2025-04-30 19:33:50,MS-CacheAware,49152,,4928213,1.1102263639984717,12,32768,262144,12582912,64,,1
2025-04-30 19:36:09,MS-Seq,65536,,4118016,1,12,32768,262144,12582912,64,,1
2025-04-30 19:36:09,MS-Par,65536,,1860232,2.2137109779855417,12,32768,262144,12582912,64,,1
2025-04-30 19:36:09,MS-PMerge,65536,,1659536,2.4814261335698653,12,32768,262144,12582912,64,,1
2025-04-30 19:36:09,MS-CacheAware,65536,,4172309,0.9869873012761039,12,32768,262144,12582912,64,,1
2025-04-30 19:39:48,MS-Seq,4096,,116224,1,12,32768,262144,12582912,64,,1
2025-04-30 19:39:48,MS-Par,4096,,117288,0.9909283132119228,12,32768,262144,12582912,64,,1
2025-04-30 19:39:48,MS-PMerge,4096,,146231,0.7947972728080913,12,32768,262144,12582912,64,,1
2025-04-30 19:39:48,MS-CacheAware,4096,,257311,0.45168686919719714,12,32768,262144,12582912,64,,1
2025-04-30 19:39:50,MS-Seq,8192,,277547,1,12,32768,262144,12582912,64,,1
2025-04-30 19:39:50,MS-Par,8192,,243344,1.1405541126964298,12,32768,262144,12582912,64,,1
2025-04-30 19:39:50,MS-PMerge,8192,,222786,1.2458009031088129,12,32768,262144,12582912,64,,1
2025-04-30 19:39:50,MS-CacheAware,8192,,280123,0.9908040396540091,12,32768,262144,12582912,64,,1
2025-04-30 19:39:53,MS-Seq,12288,,424363,1,12,32768,262144,12582912,64,,1
2025-04-30 19:39:53,MS-Par,12288,,309032,1.3732008335706334,12,32768,262144,12582912,64,,1
2025-04-30 19:39:53,MS-PMerge,12288,,274378,1.5466363921305644,12,32768,262144,12582912,64,,1
2025-04-30 19:39:53,MS-CacheAware,12288,,675470,0.628248478836958,12,32768,262144,12582912,64,,1
2025-04-30 19:39:58,MS-Seq,16384,,607656,1,12,32768,262144,12582912,64,,1
2025-04-30 19:39:58,MS-Par,16384,,362345,1.6770094799155502,12,32768,262144,12582912,64,,1
2025-04-30 19:39:58,MS-PMerge,16384,,473474,1.2833988772350753,12,32768,262144,12582912,64,,1
2025-04-30 19:39:58,MS-CacheAware,16384,,910118,0.6676672695188975,12,32768,262144,12582912,64,,1
2025-04-30 19:40:10,MS-Seq,24576,,982897,1,12,32768,262144,12582912,64,,1
2025-04-30 19:40:10,MS-Par,24576,,550884,1.7842177300484312,12,32768,262144,12582912,64,,1
2025-04-30 19:40:10,MS-PMerge,24576,,716292,1.3722015602575486,12,32768,262144,12582912,64,,1
2025-04-30 19:40:10,MS-CacheAware,24576,,1374838,0.7149184122056562,12,32768,262144,12582912,64,,1
2025-04-30 19:40:34,MS-Seq,32768,,1369391,1,12,32768,262144,12582912,64,,1
2025-04-30 19:40:34,MS-Par,32768,,1231970,1.1115457356916159,12,32768,262144,12582912,64,,1
2025-04-30 19:40:34,MS-PMerge,32768,,2156473,0.6350142107042379,12,32768,262144,12582912,64,,1
2025-04-30 19:40:34,MS-CacheAware,32768,,2241336,0.6109708673755296,12,32768,262144,12582912,64,,1
2025-04-30 19:41:37,MS-Seq,49152,,4036337,1,12,32768,262144,12582912,64,,1
2025-04-30 19:41:37,MS-Par,49152,,908803,4.441377284185902,12,32768,262144,12582912,64,,1
2025-04-30 19:41:37,MS-PMerge,49152,,2347021,1.719770296047628,12,32768,262144,12582912,64,,1
2025-04-30 19:41:37,MS-CacheAware,49152,,3496202,1.154491931530272,12,32768,262144,12582912,64,,1
2025-04-30 19:43:59,MS-Seq,65536,,4852869,1,12,32768,262144,12582912,64,,1
2025-04-30 19:43:59,MS-Par,65536,,1265741,3.8340142256591196,12,32768,262144,12582912,64,,1
2025-04-30 19:43:59,MS-PMerge,65536,,3043894,1.594296319122808,12,32768,262144,12582912,64,,1
2025-04-30 19:43:59,MS-CacheAware,65536,,4714876,1.0292675777687472,12,32768,262144,12582912,64,,1
2025-04-30 19:44:00,MS-Seq,4096,,135952,1,12,32768,262144,12582912,64,,1
2025-04-30 19:44:00,MS-Par,4096,,170351,0.7980698675088493,12,32768,262144,12582912,64,,1
2025-04-30 19:44:00,MS-PMerge,4096,,223361,0.6086648967366729,12,32768,262144,12582912,64,,1
2025-04-30 19:44:00,MS-CacheAware,4096,,223632,0.6079273091507477,12,32768,262144,12582912,64,,1
2025-04-30 19:44:03,MS-Seq,8192,,2224811,1,12,32768,262144,12582912,64,,1
2025-04-30 19:44:04,MS-Par,8192,,283807,7.839168871803726,12,32768,262144,12582912,64,,1
2025-04-30 19:44:04,MS-PMerge,8192,,375707,5.921665020880633,12,32768,262144,12582912,64,,1
2025-04-30 19:44:04,MS-CacheAware,8192,,437797,5.081832447458526,12,32768,262144,12582912,64,,1
2025-04-30 19:44:09,MS-Seq,12288,,1932081,1,12,32768,262144,12582912,64,,1
2025-04-30 19:44:09,MS-Par,12288,,887737,2.1764114822295344,12,32768,262144,12582912,64,,1
2025-04-30 19:44:09,MS-PMerge,12288,,382932,5.045493716900128,12,32768,262144,12582912,64,,1
2025-04-30 19:44:09,MS-CacheAware,12288,,1547430,1.248574087357748,12,32768,262144,12582912,64,,1
2025-04-30 19:44:17,MS-Seq,16384,,953620,1,12,32768,262144,12582912,64,,1
2025-04-30 19:44:17,MS-Par,16384,,500353,1.9058944385264003,12,32768,262144,12582912,64,,1
2025-04-30 19:44:17,MS-PMerge,16384,,593144,1.607737750023603,12,32768,262144,12582912,64,,1
2025-04-30 19:44:18,MS-CacheAware,16384,,4524417,0.21077190718715805,12,32768,262144,12582912,64,,1
2025-04-30 19:44:41,MS-Seq,24576,,7740049,1,12,32768,262144,12582912,64,,1
2025-04-30 19:44:41,MS-Par,24576,,1445160,5.355842259680589,12,32768,262144,12582912,64,,1
2025-04-30 19:44:41,MS-PMerge,24576,,5363330,1.443142413388697,12,32768,262144,12582912,64,,1
2025-04-30 19:44:41,MS-CacheAware,24576,,3254249,2.378443997370822,12,32768,262144,12582912,64,,1
2025-04-30 19:45:35,MS-Seq,32768,,5788930,1,12,32768,262144,12582912,64,,1
2025-04-30 19:45:35,MS-Par,32768,,1268697,4.56289405586992,12,32768,262144,12582912,64,,1
2025-04-30 19:45:35,MS-PMerge,32768,,2058719,2.8119087646249925,12,32768,262144,12582912,64,,1
2025-04-30 19:45:35,MS-CacheAware,32768,,3720886,1.5557934319944229,12,32768,262144,12582912,64,,1
2025-04-30 19:46:56,MS-Seq,49152,,4875795,1,12,32768,262144,12582912,64,,1
2025-04-30 19:46:56,MS-Par,49152,,1236737,3.942467153485341,12,32768,262144,12582912,64,,1
2025-04-30 19:46:56,MS-PMerge,49152,,3617255,1.347926811905713,12,32768,262144,12582912,64,,1
2025-04-30 19:46:56,MS-CacheAware,49152,,3675303,1.3266375588624937,12,32768,262144,12582912,64,,1
2025-04-30 19:49:17,MS-Seq,65536,,6041972,1,12,32768,262144,12582912,64,,1
2025-04-30 19:49:17,MS-Par,65536,,3308974,1.8259351690282244,12,32768,262144,12582912,64,,1
2025-04-30 19:49:17,MS-PMerge,65536,,4876222,1.2390682786796827,12,32768,262144,12582912,64,,1
2025-04-30 19:49:17,MS-CacheAware,65536,,4430985,1.3635731107191742,12,32768,262144,12582912,64,,1
2025-04-30 19:49:19,MS-Seq,4096,,137836,1,12,32768,262144,12582912,64,,1
2025-04-30 19:49:19,MS-Par,4096,,139694,0.9866995003364497,12,32768,262144,12582912,64,,1
2025-04-30 19:49:19,MS-PMerge,4096,,150333,0.9168712125747507,12,32768,262144,12582912,64,,1
2025-04-30 19:49:19,MS-CacheAware,4096,,137886,0.9996373816050941,12,32768,262144,12582912,64,,1
2025-04-30 19:49:22,MS-Seq,8192,,440810,1,12,32768,262144,12582912,64,,1
2025-04-30 19:49:22,MS-Par,8192,,282909,1.558133534104606,12,32768,262144,12582912,64,,1
2025-04-30 19:49:22,MS-PMerge,8192,,286950,1.5361909740372888,12,32768,262144,12582912,64,,1
2025-04-30 19:49:22,MS-CacheAware,8192,,535463,0.8232314837813257,12,32768,262144,12582912,64,,1
2025-04-30 19:49:27,MS-Seq,12288,,725851,1,12,32768,262144,12582912,64,,1
2025-04-30 19:49:27,MS-Par,12288,,502456,1.4446060948620376,12,32768,262144,12582912,64,,1
2025-04-30 19:49:27,MS-PMerge,12288,,534089,1.359045028075845,12,32768,262144,12582912,64,,1
2025-04-30 19:49:28,MS-CacheAware,12288,,1144122,0.6344174834501916,12,32768,262144,12582912,64,,1
2025-04-30 19:49:36,MS-Seq,16384,,1076758,1,12,32768,262144,12582912,64,,1
2025-04-30 19:49:36,MS-Par,16384,,1313893,0.8195172666267344,12,32768,262144,12582912,64,,1
2025-04-30 19:49:36,MS-PMerge,16384,,943019,1.1418200481644591,12,32768,262144,12582912,64,,1
2025-04-30 19:49:37,MS-CacheAware,16384,,2169869,0.4962318001685816,12,32768,262144,12582912,64,,1
2025-04-30 19:49:59,MS-Seq,24576,,2832544,1,12,32768,262144,12582912,64,,1
2025-04-30 19:49:59,MS-Par,24576,,1352486,2.094324081728018,12,32768,262144,12582912,64,,1
2025-04-30 19:49:59,MS-PMerge,24576,,2452176,1.1551144779167564,12,32768,262144,12582912,64,,1
2025-04-30 19:49:59,MS-CacheAware,24576,,5190364,0.5457312820449587,12,32768,262144,12582912,64,,1
2025-04-30 19:50:36,MS-Seq,32768,,3595907,1,12,32768,262144,12582912,64,,1
2025-04-30 19:50:36,MS-Par,32768,,2103514,1.7094761432536223,12,32768,262144,12582912,64,,1
2025-04-30 19:50:36,MS-PMerge,32768,,2564633,1.4021136747441056,12,32768,262144,12582912,64,,1
2025-04-30 19:50:36,MS-CacheAware,32768,,4935190,0.728625848244951,12,32768,262144,12582912,64,,1
2025-04-30 19:51:50,MS-Seq,49152,,4478027,1,12,32768,262144,12582912,64,,1
2025-04-30 19:51:50,MS-Par,49152,,1261940,3.5485260788944006,12,32768,262144,12582912,64,,1
2025-04-30 19:51:50,MS-PMerge,49152,,1309268,3.4202523853023217,12,32768,262144,12582912,64,,1
2025-04-30 19:51:50,MS-CacheAware,49152,,3748520,1.1946120068720456,12,32768,262144,12582912,64,,1
2025-04-30 19:54:09,MS-Seq,65536,,3269570,1,12,32768,262144,12582912,64,,1
2025-04-30 19:54:09,MS-Par,65536,,1430948,2.28489784394681,12,32768,262144,12582912,64,,1
2025-04-30 19:54:09,MS-PMerge,65536,,1561398,2.094001657488994,12,32768,262144,12582912,64,,1
2025-04-30 19:54:09,MS-CacheAware,65536,,4322978,0.7563235343783845,12,32768,262144,12582912,64,,1
2025-04-30 19:54:10,MS-Seq,4096,,109378,1,12,32768,262144,12582912,64,,1
2025-04-30 19:54:10,MS-Par,4096,,124364,0.8794988903541218,12,32768,262144,12582912,64,,1
2025-04-30 19:54:10,MS-PMerge,4096,,163446,0.6691996133279493,12,32768,262144,12582912,64,,1
2025-04-30 19:54:11,MS-CacheAware,4096,,135174,0.809164484294317,12,32768,262144,12582912,64,,1
2025-04-30 19:54:14,MS-Seq,8192,,1107303,1,12,32768,262144,12582912,64,,1
2025-04-30 19:54:14,MS-Par,8192,,270059,4.100226246857169,12,32768,262144,12582912,64,,1
2025-04-30 19:54:14,MS-PMerge,8192,,293620,3.7712110891628634,12,32768,262144,12582912,64,,1
2025-04-30 19:54:14,MS-CacheAware,8192,,417448,2.652553132366187,12,32768,262144,12582912,64,,1
2025-04-30 19:54:19,MS-Seq,12288,,860955,1,12,32768,262144,12582912,64,,1
2025-04-30 19:54:19,MS-Par,12288,,517756,1.6628585665834872,12,32768,262144,12582912,64,,1
2025-04-30 19:54:19,MS-PMerge,12288,,394397,2.182965387667756,12,32768,262144,12582912,64,,1
2025-04-30 19:54:20,MS-CacheAware,12288,,1171780,0.7347411630169486,12,32768,262144,12582912,64,,1
2025-04-30 19:54:28,MS-Seq,16384,,1641538,1,12,32768,262144,12582912,64,,1
2025-04-30 19:54:28,MS-Par,16384,,940539,1.7453162495122478,12,32768,262144,12582912,64,,1
2025-04-30 19:54:28,MS-PMerge,16384,,664674,2.469688900122466,12,32768,262144,12582912,64,,1
2025-04-30 19:54:28,MS-CacheAware,16384,,1542720,1.0640543974279195,12,32768,262144,12582912,64,,1
2025-04-30 19:54:49,MS-Seq,24576,,1860690,1,12,32768,262144,12582912,64,,1
2025-04-30 19:54:49,MS-Par,24576,,1020820,1.8227405419172822,12,32768,262144,12582912,64,,1
2025-04-30 19:54:49,MS-PMerge,24576,,1585465,1.17359260532399,12,32768,262144,12582912,64,,1
2025-04-30 19:54:49,MS-CacheAware,24576,,3370345,0.5520770128874047,12,32768,262144,12582912,64,,1
2025-04-30 19:55:29,MS-Seq,32768,,3183600,1,12,32768,262144,12582912,64,,1
2025-04-30 19:55:29,MS-Par,32768,,2691154,1.1829869267979463,12,32768,262144,12582912,64,,1
2025-04-30 19:55:29,MS-PMerge,32768,,1464607,2.1736889145006133,12,32768,262144,12582912,64,,1
2025-04-30 19:55:29,MS-CacheAware,32768,,2922886,1.0891974575813084,12,32768,262144,12582912,64,,1
2025-04-30 19:56:41,MS-Seq,49152,,7168382,1,12,32768,262144,12582912,64,,1
2025-04-30 19:56:41,MS-Par,49152,,2851670,2.5137487857991982,12,32768,262144,12582912,64,,1
2025-04-30 19:56:41,MS-PMerge,49152,,1156380,6.198984762794237,12,32768,262144,12582912,64,,1
2025-04-30 19:56:41,MS-CacheAware,49152,,3910554,1.8330860537918667,12,32768,262144,12582912,64,,1
2025-04-30 19:58:59,MS-Seq,65536,,3745270,1,12,32768,262144,12582912,64,,1
2025-04-30 19:58:59,MS-Par,65536,,1449160,2.584442021584918,12,32768,262144,12582912,64,,1
2025-04-30 19:58:59,MS-PMerge,65536,,4081894,0.9175324004004024,12,32768,262144,12582912,64,,1
2025-04-30 19:58:59,MS-CacheAware,65536,,7430085,0.5040682576309692,12,32768,262144,12582912,64,,1
2025-04-30 19:59:00,MS-Seq,4096,,512417,1,12,32768,262144,12582912,64,,1
2025-04-30 19:59:00,MS-Par,4096,,982853,0.5213567033930812,12,32768,262144,12582912,64,,1
2025-04-30 19:59:00,MS-PMerge,4096,,158117,3.240745776861438,12,32768,262144,12582912,64,,1
2025-04-30 19:59:01,MS-CacheAware,4096,,143002,3.5832855484538677,12,32768,262144,12582912,64,,1
2025-04-30 19:59:03,MS-Seq,8192,,469468,1,12,32768,262144,12582912,64,,1
2025-04-30 19:59:03,MS-Par,8192,,344312,1.3634958990682868,12,32768,262144,12582912,64,,1
2025-04-30 19:59:03,MS-PMerge,8192,,1177765,0.3986092301944785,12,32768,262144,12582912,64,,1
2025-04-30 19:59:04,MS-CacheAware,8192,,1725553,0.2720681427924845,12,32768,262144,12582912,64,,1
2025-04-30 19:59:09,MS-Seq,12288,,485997,1,12,32768,262144,12582912,64,,1
2025-04-30 19:59:09,MS-Par,12288,,281030,1.7293420631249332,12,32768,262144,12582912,64,,1
2025-04-30 19:59:09,MS-PMerge,12288,,291658,1.6663249422268547,12,32768,262144,12582912,64,,1
2025-04-30 19:59:09,MS-CacheAware,12288,,655314,0.7416246257519296,12,32768,262144,12582912,64,,1
2025-04-30 19:59:18,MS-Seq,16384,,1075059,1,12,32768,262144,12582912,64,,1
2025-04-30 19:59:18,MS-Par,16384,,580403,1.8522629965730708,12,32768,262144,12582912,64,,1
2025-04-30 19:59:18,MS-PMerge,16384,,349332,3.0774707155370824,12,32768,262144,12582912,64,,1
2025-04-30 19:59:18,MS-CacheAware,16384,,688865,1.560623634529262,12,32768,262144,12582912,64,,1
2025-04-30 19:59:41,MS-Seq,24576,,4099252,1,12,32768,262144,12582912,64,,1
2025-04-30 19:59:41,MS-Par,24576,,2365862,1.7326674167808604,12,32768,262144,12582912,64,,1
2025-04-30 19:59:41,MS-PMerge,24576,,1296348,3.162153989515161,12,32768,262144,12582912,64,,1
2025-04-30 19:59:41,MS-CacheAware,24576,,5452813,0.7517683074772599,12,32768,262144,12582912,64,,1
2025-04-30 20:00:17,MS-Seq,32768,,2178768,1,12,32768,262144,12582912,64,,1
2025-04-30 20:00:17,MS-Par,32768,,1958298,1.1125824568068803,12,32768,262144,12582912,64,,1
2025-04-30 20:00:18,MS-PMerge,32768,,2282209,0.9546750538622887,12,32768,262144,12582912,64,,1
2025-04-30 20:00:18,MS-CacheAware,32768,,3825399,0.5695531368100426,12,32768,262144,12582912,64,,1
2025-04-30 20:01:32,MS-Seq,49152,,4131062,1,12,32768,262144,12582912,64,,1
2025-04-30 20:01:32,MS-Par,49152,,1132246,3.6485551726391616,12,32768,262144,12582912,64,,1
2025-04-30 20:01:32,MS-PMerge,49152,,1201055,3.4395277485210918,12,32768,262144,12582912,64,,1
2025-04-30 20:01:32,MS-CacheAware,49152,,3113125,1.3269823730174664,12,32768,262144,12582912,64,,1
2025-04-30 20:03:50,MS-Seq,65536,,4136630,1,12,32768,262144,12582912,64,,1
2025-04-30 20:03:50,MS-Par,65536,,4228649,0.978239149193986,12,32768,262144,12582912,64,,1
2025-04-30 20:03:51,MS-PMerge,65536,,4640383,0.8914415038586254,12,32768,262144,12582912,64,,1
2025-04-30 20:03:51,MS-CacheAware,65536,,4132442,1.001013444350822,12,32768,262144,12582912,64,,1
2025-04-30 20:03:52,MS-Seq,4096,,137397,1,12,32768,262144,12582912,64,,1
2025-04-30 20:03:52,MS-Par,4096,,777750,0.17665959498553518,12,32768,262144,12582912,64,,1
2025-04-30 20:03:52,MS-PMerge,4096,,145584,0.9437644246620508,12,32768,262144,12582912,64,,1
2025-04-30 20:03:52,MS-CacheAware,4096,,130927,1.0494168506114094,12,32768,262144,12582912,64,,1
2025-04-30 20:03:55,MS-Seq,8192,,454048,1,12,32768,262144,12582912,64,,1
2025-04-30 20:03:55,MS-Par,8192,,165686,2.740412587665826,12,32768,262144,12582912,64,,1
2025-04-30 20:03:55,MS-PMerge,8192,,244413,1.857708059718591,12,32768,262144,12582912,64,,1
2025-04-30 20:03:55,MS-CacheAware,8192,,303508,1.4960001054337941,12,32768,262144,12582912,64,,1
2025-04-30 20:04:01,MS-Seq,12288,,813943,1,12,32768,262144,12582912,64,,1
2025-04-30 20:04:01,MS-Par,12288,,1151255,0.7070049641478213,12,32768,262144,12582912,64,,1
2025-04-30 20:04:01,MS-PMerge,12288,,507788,1.602918934673525,12,32768,262144,12582912,64,,1
2025-04-30 20:04:02,MS-CacheAware,12288,,1141697,0.7129238318047608,12,32768,262144,12582912,64,,1
2025-04-30 20:04:10,MS-Seq,16384,,823064,1,12,32768,262144,12582912,64,,1
2025-04-30 20:04:10,MS-Par,16384,,831841,0.9894487047404492,12,32768,262144,12582912,64,,1
2025-04-30 20:04:10,MS-PMerge,16384,,814437,1.010592593411154,12,32768,262144,12582912,64,,1
2025-04-30 20:04:10,MS-CacheAware,16384,,2699615,0.3048819924322542,12,32768,262144,12582912,64,,1
2025-04-30 20:04:32,MS-Seq,24576,,2608007,1,12,32768,262144,12582912,64,,1
2025-04-30 20:04:32,MS-Par,24576,,1308753,1.9927419459592453,12,32768,262144,12582912,64,,1
2025-04-30 20:04:32,MS-PMerge,24576,,1167507,2.233825578775973,12,32768,262144,12582912,64,,1
2025-04-30 20:04:32,MS-CacheAware,24576,,3472050,0.7511432727063262,12,32768,262144,12582912,64,,1
2025-04-30 20:05:10,MS-Seq,32768,,4044933,1,12,32768,262144,12582912,64,,1
2025-04-30 20:05:10,MS-Par,32768,,1178854,3.431241697445146,12,32768,262144,12582912,64,,1
2025-04-30 20:05:11,MS-PMerge,32768,,3165454,1.2778366073239416,12,32768,262144,12582912,64,,1
2025-04-30 20:05:11,MS-CacheAware,32768,,5404353,0.7484583260937988,12,32768,262144,12582912,64,,1
2025-04-30 20:06:27,MS-Seq,49152,,7654102,1,12,32768,262144,12582912,64,,1
2025-04-30 20:06:27,MS-Par,49152,,1269371,6.029838400278563,12,32768,262144,12582912,64,,1
2025-04-30 20:06:27,MS-PMerge,49152,,4751417,1.6109093350467871,12,32768,262144,12582912,64,,1
2025-04-30 20:06:27,MS-CacheAware,49152,,3134530,2.4418659256730675,12,32768,262144,12582912,64,,1
2025-04-30 20:08:42,MS-Seq,65536,,4470202,1,12,32768,262144,12582912,64,,1
2025-04-30 20:08:42,MS-Par,65536,,4551853,0.982062030562059,12,32768,262144,12582912,64,,1
2025-04-30 20:08:42,MS-PMerge,65536,,1720520,2.598169158161486,12,32768,262144,12582912,64,,1
2025-04-30 20:08:42,MS-CacheAware,65536,,4191193,1.0665703058771094,12,32768,262144,12582912,64,,1
2025-04-30 20:08:44,MS-Seq,4096,,156913,1,12,32768,262144,12582912,64,,1
2025-04-30 20:08:44,MS-Par,4096,,169218,0.9272831495467385,12,32768,262144,12582912,64,,1
2025-04-30 20:08:44,MS-PMerge,4096,,176054,0.8912776761675395,12,32768,262144,12582912,64,,1
2025-04-30 20:08:44,MS-CacheAware,4096,,135203,1.1605733600585786,12,32768,262144,12582912,64,,1
2025-04-30 20:08:46,MS-Seq,8192,,228590,1,12,32768,262144,12582912,64,,1
2025-04-30 20:08:46,MS-Par,8192,,172255,1.3270442077153057,12,32768,262144,12582912,64,,1
2025-04-30 20:08:46,MS-PMerge,8192,,206180,1.108691434668736,12,32768,262144,12582912,64,,1
2025-04-30 20:08:47,MS-CacheAware,8192,,240184,0.9517286746827432,12,32768,262144,12582912,64,,1
2025-04-30 20:08:52,MS-Seq,12288,,730003,1,12,32768,262144,12582912,64,,1
2025-04-30 20:08:52,MS-Par,12288,,524037,1.3930371328742055,12,32768,262144,12582912,64,,1
2025-04-30 20:08:53,MS-PMerge,12288,,525735,1.3885379516296232,12,32768,262144,12582912,64,,1
2025-04-30 20:08:53,MS-CacheAware,12288,,1158415,0.630173987733239,12,32768,262144,12582912,64,,1
2025-04-30 20:09:01,MS-Seq,16384,,1065086,1,12,32768,262144,12582912,64,,1
2025-04-30 20:09:01,MS-Par,16384,,1394693,0.7636705712296541,12,32768,262144,12582912,64,,1
2025-04-30 20:09:01,MS-PMerge,16384,,977126,1.0900190968206762,12,32768,262144,12582912,64,,1
2025-04-30 20:09:01,MS-CacheAware,16384,,2208715,0.48221975220886354,12,32768,262144,12582912,64,,1
2025-04-30 20:09:22,MS-Seq,24576,,2913596,1,12,32768,262144,12582912,64,,1
2025-04-30 20:09:22,MS-Par,24576,,256274,11.369065921630755,12,32768,262144,12582912,64,,1
2025-04-30 20:09:22,MS-PMerge,24576,,363119,8.023804868376482,12,32768,262144,12582912,64,,1
2025-04-30 20:09:22,MS-CacheAware,24576,,1004001,2.9019851573853015,12,32768,262144,12582912,64,,1
2025-04-30 20:10:03,MS-Seq,32768,,3442875,1,12,32768,262144,12582912,64,,1
2025-04-30 20:10:03,MS-Par,32768,,2454997,1.4023947890771353,12,32768,262144,12582912,64,,1
2025-04-30 20:10:03,MS-PMerge,32768,,5381869,0.6397173546959244,12,32768,262144,12582912,64,,1
2025-04-30 20:10:03,MS-CacheAware,32768,,6134121,0.5612662352112063,12,32768,262144,12582912,64,,1
2025-04-30 20:11:18,MS-Seq,49152,,4077693,1,12,32768,262144,12582912,64,,1
2025-04-30 20:11:18,MS-Par,49152,,2644137,1.5421640406680894,12,32768,262144,12582912,64,,1
2025-04-30 20:11:18,MS-PMerge,49152,,1079871,3.776092699961384,12,32768,262144,12582912,64,,1
2025-04-30 20:11:18,MS-CacheAware,49152,,3855350,1.0576712879505104,12,32768,262144,12582912,64,,1
2025-04-30 20:13:35,MS-Seq,65536,,7251251,1,12,32768,262144,12582912,64,,1
2025-04-30 20:13:35,MS-Par,65536,,1554973,4.663264892702317,12,32768,262144,12582912,64,,1
2025-04-30 20:13:35,MS-PMerge,65536,,1693362,4.282162349220072,12,32768,262144,12582912,64,,1
2025-04-30 20:13:35,MS-CacheAware,65536,,5132981,1.4126783247395616,12,32768,262144,12582912,64,,1
2025-04-30 20:13:37,MS-Seq,4096,,108637,1,12,32768,262144,12582912,64,,1
2025-04-30 20:13:37,MS-Par,4096,,115355,0.941762385678991,12,32768,262144,12582912,64,,1
2025-04-30 20:13:37,MS-PMerge,4096,,196157,0.5538267816086094,12,32768,262144,12582912,64,,1
2025-04-30 20:13:37,MS-CacheAware,4096,,112723,0.9637518518847086,12,32768,262144,12582912,64,,1
2025-04-30 20:13:39,MS-Seq,8192,,232733,1,12,32768,262144,12582912,64,,1
2025-04-30 20:13:39,MS-Par,8192,,222971,1.0437814783088384,12,32768,262144,12582912,64,,1
2025-04-30 20:13:39,MS-PMerge,8192,,257308,0.9044918929842835,12,32768,262144,12582912,64,,1
2025-04-30 20:13:40,MS-CacheAware,8192,,234845,0.9910068342949605,12,32768,262144,12582912,64,,1
2025-04-30 20:13:45,MS-Seq,12288,,1708758,1,12,32768,262144,12582912,64,,1
2025-04-30 20:13:45,MS-Par,12288,,398440,4.288620620419636,12,32768,262144,12582912,64,,1
2025-04-30 20:13:45,MS-PMerge,12288,,491225,3.4785648124586492,12,32768,262144,12582912,64,,1
2025-04-30 20:13:46,MS-CacheAware,12288,,1847379,0.9249634211496396,12,32768,262144,12582912,64,,1
2025-04-30 20:13:53,MS-Seq,16384,,2472385,1,12,32768,262144,12582912,64,,1
2025-04-30 20:13:54,MS-Par,16384,,614778,4.021589907251073,12,32768,262144,12582912,64,,1
2025-04-30 20:13:54,MS-PMerge,16384,,1157803,2.135410773680842,12,32768,262144,12582912,64,,1
2025-04-30 20:13:54,MS-CacheAware,16384,,2027293,1.219549912124197,12,32768,262144,12582912,64,,1
2025-04-30 20:14:16,MS-Seq,24576,,3138325,1,12,32768,262144,12582912,64,,1
2025-04-30 20:14:16,MS-Par,24576,,1506645,2.0829890252846557,12,32768,262144,12582912,64,,1
2025-04-30 20:14:16,MS-PMerge,24576,,1473210,2.1302631668261824,12,32768,262144,12582912,64,,1
2025-04-30 20:14:17,MS-CacheAware,24576,,3802143,0.8254095124775686,12,32768,262144,12582912,64,,1
2025-04-30 20:14:54,MS-Seq,32768,,2460499,1,12,32768,262144,12582912,64,,1
2025-04-30 20:14:54,MS-Par,32768,,4514243,0.5450524041350897,12,32768,262144,12582912,64,,1
2025-04-30 20:14:54,MS-PMerge,32768,,3214235,0.7655006556770118,12,32768,262144,12582912,64,,1
2025-04-30 20:14:54,MS-CacheAware,32768,,5726748,0.42965030065929216,12,32768,262144,12582912,64,,1
2025-04-30 20:16:12,MS-Seq,49152,,7401683,1,12,32768,262144,12582912,64,,1
2025-04-30 20:16:12,MS-Par,49152,,1900116,3.895384808085401,12,32768,262144,12582912,64,,1
2025-04-30 20:16:12,MS-PMerge,49152,,1419822,5.213106290788564,12,32768,262144,12582912,64,,1
2025-04-30 20:16:12,MS-CacheAware,49152,,5497285,1.3464251898891908,12,32768,262144,12582912,64,,1
2025-04-30 20:18:38,MS-Seq,65536,,3689931,1,12,32768,262144,12582912,64,,1
2025-04-30 20:18:39,MS-Par,65536,,1414797,2.6080992538152117,12,32768,262144,12582912,64,,1
2025-04-30 20:18:39,MS-PMerge,65536,,3585923,1.029004526867978,12,32768,262144,12582912,64,,1
2025-04-30 20:18:39,MS-CacheAware,65536,,5053321,0.7301992095890999,12,32768,262144,12582912,64,,1
2025-04-30 20:18:40,MS-Seq,4096,,141510,1,12,32768,262144,12582912,64,,1
2025-04-30 20:18:41,MS-Par,4096,,144390,0.9800540203615209,12,32768,262144,12582912,64,,1
2025-04-30 20:18:41,MS-PMerge,4096,,113139,1.2507623365948082,12,32768,262144,12582912,64,,1
2025-04-30 20:18:41,MS-CacheAware,4096,,114426,1.2366944575533532,12,32768,262144,12582912,64,,1
2025-04-30 20:18:44,MS-Seq,8192,,430515,1,12,32768,262144,12582912,64,,1
2025-04-30 20:18:44,MS-Par,8192,,181131,2.3768156748430695,12,32768,262144,12582912,64,,1
2025-04-30 20:18:44,MS-PMerge,8192,,214856,2.003737386900994,12,32768,262144,12582912,64,,1
2025-04-30 20:18:44,MS-CacheAware,8192,,346074,1.243996948629484,12,32768,262144,12582912,64,,1
2025-04-30 20:18:50,MS-Seq,12288,,750120,1,12,32768,262144,12582912,64,,1
2025-04-30 20:18:50,MS-Par,12288,,208384,3.599700552825553,12,32768,262144,12582912,64,,1
2025-04-30 20:18:50,MS-PMerge,12288,,294427,2.5477282993747177,12,32768,262144,12582912,64,,1
2025-04-30 20:18:50,MS-CacheAware,12288,,630095,1.1904871487632818,12,32768,262144,12582912,64,,1
2025-04-30 20:18:59,MS-Seq,16384,,2399317,1,12,32768,262144,12582912,64,,1
2025-04-30 20:18:59,MS-Par,16384,,601448,3.989234314520956,12,32768,262144,12582912,64,,1
2025-04-30 20:18:59,MS-PMerge,16384,,480120,4.997327751395485,12,32768,262144,12582912,64,,1
2025-04-30 20:18:59,MS-CacheAware,16384,,1599321,1.5002097765239124,12,32768,262144,12582912,64,,1
2025-04-30 20:19:21,MS-Seq,24576,,4148156,1,12,32768,262144,12582912,64,,1
2025-04-30 20:19:22,MS-Par,24576,,2332571,1.7783621591797205,12,32768,262144,12582912,64,,1
2025-04-30 20:19:22,MS-PMerge,24576,,2345607,1.7684786922958535,12,32768,262144,12582912,64,,1
2025-04-30 20:19:22,MS-CacheAware,24576,,2972527,1.39549817377605,12,32768,262144,12582912,64,,1
2025-04-30 20:19:59,MS-Seq,32768,,3744201,1,12,32768,262144,12582912,64,,1
2025-04-30 20:20:00,MS-Par,32768,,1792858,2.088397965706152,12,32768,262144,12582912,64,,1
2025-04-30 20:20:00,MS-PMerge,32768,,2976338,1.2579891799923262,12,32768,262144,12582912,64,,1
2025-04-30 20:20:00,MS-CacheAware,32768,,5163918,0.7250698016506072,12,32768,262144,12582912,64,,1
2025-04-30 20:21:12,MS-Seq,49152,,5419107,1,12,32768,262144,12582912,64,,1
2025-04-30 20:21:12,MS-Par,49152,,899287,6.0260039342278935,12,32768,262144,12582912,64,,1
2025-04-30 20:21:12,MS-PMerge,49152,,864216,6.270546946596684,12,32768,262144,12582912,64,,1
2025-04-30 20:21:12,MS-CacheAware,49152,,3230755,1.6773500311846612,12,32768,262144,12582912,64,,1
2025-04-30 20:23:30,MS-Seq,65536,,3320136,1,12,32768,262144,12582912,64,,1
2025-04-30 20:23:30,MS-Par,65536,,7232493,0.45905830811035697,12,32768,262144,12582912,64,,1
2025-04-30 20:23:30,MS-PMerge,65536,,4128654,0.8041691069292801,12,32768,262144,12582912,64,,1
2025-04-30 20:23:30,MS-CacheAware,65536,,4276853,0.7763035110161607,12,32768,262144,12582912,64,,1
2025-04-30 20:23:31,MS-Seq,4096,,107835,1,12,32768,262144,12582912,64,,1
2025-04-30 20:23:31,MS-Par,4096,,189516,0.5690020895333375,12,32768,262144,12582912,64,,1
2025-04-30 20:23:31,MS-PMerge,4096,,147248,0.7323359230685647,12,32768,262144,12582912,64,,1
2025-04-30 20:23:31,MS-CacheAware,4096,,164944,0.6537673392181589,12,32768,262144,12582912,64,,1
2025-04-30 20:23:35,MS-Seq,8192,,452916,1,12,32768,262144,12582912,64,,1
2025-04-30 20:23:35,MS-Par,8192,,282801,1.6015360624608823,12,32768,262144,12582912,64,,1
2025-04-30 20:23:35,MS-PMerge,8192,,252133,1.7963376471941397,12,32768,262144,12582912,64,,1
2025-04-30 20:23:35,MS-CacheAware,8192,,1166530,0.3882591960772548,12,32768,262144,12582912,64,,1
2025-04-30 20:23:40,MS-Seq,12288,,553377,1,12,32768,262144,12582912,64,,1
2025-04-30 20:23:40,MS-Par,12288,,1126670,0.4911615646107556,12,32768,262144,12582912,64,,1
2025-04-30 20:23:40,MS-PMerge,12288,,2810682,0.19688353218186902,12,32768,262144,12582912,64,,1
2025-04-30 20:23:41,MS-CacheAware,12288,,2121818,0.2608032357157871,12,32768,262144,12582912,64,,1
2025-04-30 20:23:49,MS-Seq,16384,,1031649,1,12,32768,262144,12582912,64,,1
2025-04-30 20:23:49,MS-Par,16384,,471906,2.1861324077252675,12,32768,262144,12582912,64,,1
2025-04-30 20:23:49,MS-PMerge,16384,,515211,2.002381548530602,12,32768,262144,12582912,64,,1
2025-04-30 20:23:50,MS-CacheAware,16384,,2263988,0.45567776861008097,12,32768,262144,12582912,64,,1
2025-04-30 20:24:12,MS-Seq,24576,,4987425,1,12,32768,262144,12582912,64,,1
2025-04-30 20:24:13,MS-Par,24576,,2362139,2.111401996241542,12,32768,262144,12582912,64,,1
2025-04-30 20:24:13,MS-PMerge,24576,,1889314,2.6398073586497532,12,32768,262144,12582912,64,,1
2025-04-30 20:24:13,MS-CacheAware,24576,,3358706,1.4849245513004115,12,32768,262144,12582912,64,,1
2025-04-30 20:24:55,MS-Seq,32768,,3444046,1,12,32768,262144,12582912,64,,1
2025-04-30 20:24:55,MS-Par,32768,,2665493,1.2920859293196418,12,32768,262144,12582912,64,,1
2025-04-30 20:24:55,MS-PMerge,32768,,2700591,1.2752934450274032,12,32768,262144,12582912,64,,1
2025-04-30 20:24:56,MS-CacheAware,32768,,3987365,0.8637398382139584,12,32768,262144,12582912,64,,1
2025-04-30 20:26:09,MS-Seq,49152,,8194610,1,12,32768,262144,12582912,64,,1
2025-04-30 20:26:09,MS-Par,49152,,1027213,7.977517807893786,12,32768,262144,12582912,64,,1
2025-04-30 20:26:09,MS-PMerge,49152,,1306450,6.2724252745991045,12,32768,262144,12582912,64,,1
2025-04-30 20:26:10,MS-CacheAware,49152,,3197081,2.5631537017673307,12,32768,262144,12582912,64,,1
2025-04-30 20:28:40,MS-Seq,65536,,3394701,1,12,32768,262144,12582912,64,,1
2025-04-30 20:28:40,MS-Par,65536,,1524362,2.2269651172096916,12,32768,262144,12582912,64,,1
2025-04-30 20:28:41,MS-PMerge,65536,,3985678,0.851724850828391,12,32768,262144,12582912,64,,1
2025-04-30 20:28:41,MS-CacheAware,65536,,4105777,0.8268108569949123,12,32768,262144,12582912,64,,1
2025-04-30 20:29:37,MS-Seq,4096,,115430,1,12,32768,262144,12582912,64,,1
2025-04-30 20:29:37,MS-Par,4096,,115202,1.0019791323067309,12,32768,262144,12582912,64,,1
2025-04-30 20:29:37,MS-PMerge,4096,,110814,1.0416553865035103,12,32768,262144,12582912,64,,1
2025-04-30 20:29:37,MS-CacheAware,4096,,111107,1.0389084396122656,12,32768,262144,12582912,64,,1
2025-04-30 20:29:39,MS-Seq,8192,,265356,1,12,32768,262144,12582912,64,,1
2025-04-30 20:29:39,MS-Par,8192,,213590,1.2423615337796714,12,32768,262144,12582912,64,,1
2025-04-30 20:29:39,MS-PMerge,8192,,186092,1.4259398577047913,12,32768,262144,12582912,64,,1
2025-04-30 20:29:39,MS-CacheAware,8192,,263727,1.006176841961574,12,32768,262144,12582912,64,,1
2025-04-30 20:29:42,MS-Seq,12288,,442063,1,12,32768,262144,12582912,64,,1
2025-04-30 20:29:42,MS-Par,12288,,425716,1.0383988386623946,12,32768,262144,12582912,64,,1
2025-04-30 20:29:42,MS-PMerge,12288,,276180,1.6006336447244551,12,32768,262144,12582912,64,,1
2025-04-30 20:29:42,MS-CacheAware,12288,,698714,0.6326808966186451,12,32768,262144,12582912,64,,1
2025-04-30 20:29:47,MS-Seq,16384,,613325,1,12,32768,262144,12582912,64,,1
2025-04-30 20:29:47,MS-Par,16384,,383363,1.599854446047219,12,32768,262144,12582912,64,,1
2025-04-30 20:29:47,MS-PMerge,16384,,347478,1.7650757745814123,12,32768,262144,12582912,64,,1
2025-04-30 20:29:48,MS-CacheAware,16384,,913062,0.6717232783754006,12,32768,262144,12582912,64,,1
2025-04-30 20:30:00,MS-Seq,24576,,1001958,1,12,32768,262144,12582912,64,,1
2025-04-30 20:30:00,MS-Par,24576,,536249,1.868456631154557,12,32768,262144,12582912,64,,1
2025-04-30 20:30:00,MS-PMerge,24576,,1986022,0.5045049853425592,12,32768,262144,12582912,64,,1
2025-04-30 20:30:00,MS-CacheAware,24576,,1390165,0.7207475371628548,12,32768,262144,12582912,64,,1
2025-04-30 20:30:25,MS-Seq,32768,,1843080,1,12,32768,262144,12582912,64,,1
2025-04-30 20:30:25,MS-Par,32768,,773033,2.38421904368895,12,32768,262144,12582912,64,,1
2025-04-30 20:30:25,MS-PMerge,32768,,782151,2.356424782426923,12,32768,262144,12582912,64,,1
2025-04-30 20:30:26,MS-CacheAware,32768,,1799628,1.0241449899645927,12,32768,262144,12582912,64,,1
2025-04-30 20:31:30,MS-Seq,49152,,3152304,1,12,32768,262144,12582912,64,,1
2025-04-30 20:31:30,MS-Par,49152,,1023616,3.0795767162686007,12,32768,262144,12582912,64,,1
2025-04-30 20:31:30,MS-PMerge,49152,,2223252,1.4178797545217545,12,32768,262144,12582912,64,,1
2025-04-30 20:31:31,MS-CacheAware,49152,,4670821,0.6748929149714793,12,32768,262144,12582912,64,,1
2025-04-30 20:33:48,MS-Seq,65536,,4822584,1,12,32768,262144,12582912,64,,1
2025-04-30 20:33:48,MS-Par,65536,,3519315,1.3703189399073399,12,32768,262144,12582912,64,,1
2025-04-30 20:33:48,MS-PMerge,65536,,3049035,1.581675513728114,12,32768,262144,12582912,64,,1
2025-04-30 20:33:48,MS-CacheAware,65536,,5251596,0.9183082628595193,12,32768,262144,12582912,64,,1
2025-04-30 20:33:49,MS-Seq,4096,,425266,1,12,32768,262144,12582912,64,,1
2025-04-30 20:33:49,MS-Par,4096,,141148,3.012908436534701,12,32768,262144,12582912,64,,1
2025-04-30 20:33:49,MS-PMerge,4096,,153051,2.7785901431548963,12,32768,262144,12582912,64,,1
2025-04-30 20:33:49,MS-CacheAware,4096,,143000,2.9738881118881118,12,32768,262144,12582912,64,,1
2025-04-30 20:33:52,MS-Seq,8192,,370328,1,12,32768,262144,12582912,64,,1
2025-04-30 20:33:52,MS-Par,8192,,277260,1.335670489792974,12,32768,262144,12582912,64,,1
2025-04-30 20:33:53,MS-PMerge,8192,,293890,1.2600905100547823,12,32768,262144,12582912,64,,1
2025-04-30 20:33:53,MS-CacheAware,8192,,475276,0.7791851471565996,12,32768,262144,12582912,64,,1
2025-04-30 20:33:58,MS-Seq,12288,,698991,1,12,32768,262144,12582912,64,,1
2025-04-30 20:33:58,MS-Par,12288,,489833,1.426998589315134,12,32768,262144,12582912,64,,1
2025-04-30 20:33:58,MS-PMerge,12288,,422107,1.655956901922972,12,32768,262144,12582912,64,,1
2025-04-30 20:33:58,MS-CacheAware,12288,,2778572,0.25156483258306783,12,32768,262144,12582912,64,,1
2025-04-30 20:34:06,MS-Seq,16384,,1016351,1,12,32768,262144,12582912,64,,1
2025-04-30 20:34:06,MS-Par,16384,,1647760,0.6168076661649755,12,32768,262144,12582912,64,,1
2025-04-30 20:34:06,MS-PMerge,16384,,962060,1.0564320312662412,12,32768,262144,12582912,64,,1
2025-04-30 20:34:07,MS-CacheAware,16384,,1252159,0.8116788682587435,12,32768,262144,12582912,64,,1
2025-04-30 20:34:27,MS-Seq,24576,,1555437,1,12,32768,262144,12582912,64,,1
2025-04-30 20:34:27,MS-Par,24576,,767280,2.0272091022833907,12,32768,262144,12582912,64,,1
2025-04-30 20:34:27,MS-PMerge,24576,,814580,1.9094956910309608,12,32768,262144,12582912,64,,1
2025-04-30 20:34:27,MS-CacheAware,24576,,6023119,0.2582444411275952,12,32768,262144,12582912,64,,1
2025-04-30 20:35:05,MS-Seq,32768,,4578629,1,12,32768,262144,12582912,64,,1
2025-04-30 20:35:06,MS-Par,32768,,2403221,1.905205139269339,12,32768,262144,12582912,64,,1
2025-04-30 20:35:06,MS-PMerge,32768,,2119981,2.1597500166275077,12,32768,262144,12582912,64,,1
2025-04-30 20:35:06,MS-CacheAware,32768,,3227007,1.4188469377351831,12,32768,262144,12582912,64,,1
2025-04-30 20:36:17,MS-Seq,49152,,4842871,1,12,32768,262144,12582912,64,,1
2025-04-30 20:36:17,MS-Par,49152,,1110332,4.361642283569239,12,32768,262144,12582912,64,,1
2025-04-30 20:36:17,MS-PMerge,49152,,1132812,4.275088011073329,12,32768,262144,12582912,64,,1
2025-04-30 20:36:17,MS-CacheAware,49152,,4448556,1.088638875176574,12,32768,262144,12582912,64,,1
2025-04-30 20:38:33,MS-Seq,65536,,7022207,1,12,32768,262144,12582912,64,,1
2025-04-30 20:38:33,MS-Par,65536,,2369831,2.9631678377065707,12,32768,262144,12582912,64,,1
2025-04-30 20:38:33,MS-PMerge,65536,,4163203,1.686731826432677,12,32768,262144,12582912,64,,1
2025-04-30 20:38:33,MS-CacheAware,65536,,5494532,1.2780355087567057,12,32768,262144,12582912,64,,1
2025-04-30 20:38:34,MS-Seq,4096,,105962,1,12,32768,262144,12582912,64,,1
2025-04-30 20:38:34,MS-Par,4096,,120281,0.8809537665965531,12,32768,262144,12582912,64,,1
2025-04-30 20:38:34,MS-PMerge,4096,,145228,0.7296251411573526,12,32768,262144,12582912,64,,1
2025-04-30 20:38:34,MS-CacheAware,4096,,135323,0.7830302313723462,12,32768,262144,12582912,64,,1
2025-04-30 20:38:37,MS-Seq,8192,,329292,1,12,32768,262144,12582912,64,,1
2025-04-30 20:38:37,MS-Par,8192,,249257,1.321094292236527,12,32768,262144,12582912,64,,1
2025-04-30 20:38:37,MS-PMerge,8192,,202043,1.6298114757749589,12,32768,262144,12582912,64,,1
2025-04-30 20:38:38,MS-CacheAware,8192,,232068,1.418946170949894,12,32768,262144,12582912,64,,1
2025-04-30 20:38:43,MS-Seq,12288,,738076,1,12,32768,262144,12582912,64,,1
2025-04-30 20:38:43,MS-Par,12288,,428883,1.7209262199714142,12,32768,262144,12582912,64,,1
2025-04-30 20:38:43,MS-PMerge,12288,,505635,1.4597011678384606,12,32768,262144,12582912,64,,1
2025-04-30 20:38:44,MS-CacheAware,12288,,2349748,0.31410857674950676,12,32768,262144,12582912,64,,1
2025-04-30 20:38:52,MS-Seq,16384,,4198840,1,12,32768,262144,12582912,64,,1
2025-04-30 20:38:52,MS-Par,16384,,759056,5.5316603781539175,12,32768,262144,12582912,64,,1
2025-04-30 20:38:52,MS-PMerge,16384,,897351,4.679150076168634,12,32768,262144,12582912,64,,1
2025-04-30 20:38:52,MS-CacheAware,16384,,1885999,2.2263214349530407,12,32768,262144,12582912,64,,1
2025-04-30 20:39:15,MS-Seq,24576,,2637627,1,12,32768,262144,12582912,64,,1
2025-04-30 20:39:15,MS-Par,24576,,2463796,1.070554136787299,12,32768,262144,12582912,64,,1
2025-04-30 20:39:15,MS-PMerge,24576,,1676380,1.5734063875732232,12,32768,262144,12582912,64,,1
2025-04-30 20:39:16,MS-CacheAware,24576,,5270370,0.5004633450782393,12,32768,262144,12582912,64,,1
2025-04-30 20:39:55,MS-Seq,32768,,5752817,1,12,32768,262144,12582912,64,,1
2025-04-30 20:39:55,MS-Par,32768,,3013726,1.9088719412448245,12,32768,262144,12582912,64,,1
2025-04-30 20:39:55,MS-PMerge,32768,,1364994,4.214536474153,12,32768,262144,12582912,64,,1
2025-04-30 20:39:56,MS-CacheAware,32768,,1638723,3.510548762664587,12,32768,262144,12582912,64,,1
2025-04-30 20:41:08,MS-Seq,49152,,5911428,1,12,32768,262144,12582912,64,,1
2025-04-30 20:41:08,MS-Par,49152,,1199359,4.928822812852532,12,32768,262144,12582912,64,,1
2025-04-30 20:41:09,MS-PMerge,49152,,1276017,4.632718843087514,12,32768,262144,12582912,64,,1
2025-04-30 20:41:09,MS-CacheAware,49152,,4142569,1.4269956638018582,12,32768,262144,12582912,64,,1
2025-04-30 20:43:32,MS-Seq,65536,,4104935,1,12,32768,262144,12582912,64,,1
2025-04-30 20:43:32,MS-Par,65536,,1625313,2.525627371466296,12,32768,262144,12582912,64,,1
2025-04-30 20:43:32,MS-PMerge,65536,,1457500,2.8164219554030874,12,32768,262144,12582912,64,,1
2025-04-30 20:43:33,MS-CacheAware,65536,,4985701,0.8233415922856184,12,32768,262144,12582912,64,,1
2025-04-30 20:43:34,MS-Seq,4096,,136225,1,12,32768,262144,12582912,64,,1
2025-04-30 20:43:34,MS-Par,4096,,137851,0.9882046557514998,12,32768,262144,12582912,64,,1
2025-04-30 20:43:34,MS-PMerge,4096,,150364,0.9059681838737996,12,32768,262144,12582912,64,,1
2025-04-30 20:43:34,MS-CacheAware,4096,,113652,1.1986150705662901,12,32768,262144,12582912,64,,1
2025-04-30 20:43:37,MS-Seq,8192,,447042,1,12,32768,262144,12582912,64,,1
2025-04-30 20:43:37,MS-Par,8192,,324648,1.3770052487617357,12,32768,262144,12582912,64,,1
2025-04-30 20:43:37,MS-PMerge,8192,,267125,1.6735311183902668,12,32768,262144,12582912,64,,1
2025-04-30 20:43:38,MS-CacheAware,8192,,329003,1.3587778834843451,12,32768,262144,12582912,64,,1
2025-04-30 20:43:43,MS-Seq,12288,,718466,1,12,32768,262144,12582912,64,,1
2025-04-30 20:43:43,MS-Par,12288,,1076369,0.667490423823057,12,32768,262144,12582912,64,,1
2025-04-30 20:43:43,MS-PMerge,12288,,368710,1.9485937457622522,12,32768,262144,12582912,64,,1
2025-04-30 20:43:43,MS-CacheAware,12288,,1869375,0.3843348712805082,12,32768,262144,12582912,64,,1
2025-04-30 20:43:52,MS-Seq,16384,,1766567,1,12,32768,262144,12582912,64,,1
2025-04-30 20:43:52,MS-Par,16384,,1501147,1.1768114648332242,12,32768,262144,12582912,64,,1
2025-04-30 20:43:52,MS-PMerge,16384,,971798,1.8178335415384679,12,32768,262144,12582912,64,,1
2025-04-30 20:43:52,MS-CacheAware,16384,,2804311,0.6299468924808982,12,32768,262144,12582912,64,,1
2025-04-30 20:44:13,MS-Seq,24576,,1818280,1,12,32768,262144,12582912,64,,1
2025-04-30 20:44:13,MS-Par,24576,,2268831,0.8014171174494706,12,32768,262144,12582912,64,,1
2025-04-30 20:44:13,MS-PMerge,24576,,1755644,1.0356769367821723,12,32768,262144,12582912,64,,1
2025-04-30 20:44:13,MS-CacheAware,24576,,3175541,0.572589048606206,12,32768,262144,12582912,64,,1
2025-04-30 20:44:53,MS-Seq,32768,,2420204,1,12,32768,262144,12582912,64,,1
2025-04-30 20:44:53,MS-Par,32768,,1291043,1.8746114575579589,12,32768,262144,12582912,64,,1
2025-04-30 20:44:53,MS-PMerge,32768,,2175872,1.112291531854815,12,32768,262144,12582912,64,,1
2025-04-30 20:44:53,MS-CacheAware,32768,,4042949,0.598623430570111,12,32768,262144,12582912,64,,1
2025-04-30 20:46:08,MS-Seq,49152,,4556202,1,12,32768,262144,12582912,64,,1
2025-04-30 20:46:08,MS-Par,49152,,1186806,3.839045303107669,12,32768,262144,12582912,64,,1
2025-04-30 20:46:08,MS-PMerge,49152,,1544324,2.9502889290071255,12,32768,262144,12582912,64,,1
2025-04-30 20:46:08,MS-CacheAware,49152,,3119712,1.4604559651660154,12,32768,262144,12582912,64,,1
2025-04-30 20:48:29,MS-Seq,65536,,4073523,1,12,32768,262144,12582912,64,,1
2025-04-30 20:48:29,MS-Par,65536,,1534597,2.654457815309166,12,32768,262144,12582912,64,,1
2025-04-30 20:48:30,MS-PMerge,65536,,4102327,0.9929786192080738,12,32768,262144,12582912,64,,1
2025-04-30 20:48:30,MS-CacheAware,65536,,6588243,0.618301875021914,12,32768,262144,12582912,64,,1
2025-04-30 20:48:31,MS-Seq,4096,,138349,1,12,32768,262144,12582912,64,,1
2025-04-30 20:48:31,MS-Par,4096,,156835,0.8821309019032741,12,32768,262144,12582912,64,,1
2025-04-30 20:48:31,MS-PMerge,4096,,154593,0.8949240910002393,12,32768,262144,12582912,64,,1
2025-04-30 20:48:31,MS-CacheAware,4096,,112592,1.2287640329685945,12,32768,262144,12582912,64,,1
2025-04-30 20:48:34,MS-Seq,8192,,271394,1,12,32768,262144,12582912,64,,1
2025-04-30 20:48:34,MS-Par,8192,,223548,1.2140300964446114,12,32768,262144,12582912,64,,1
2025-04-30 20:48:34,MS-PMerge,8192,,233809,1.1607508692992998,12,32768,262144,12582912,64,,1
2025-04-30 20:48:34,MS-CacheAware,8192,,295875,0.9172589776087875,12,32768,262144,12582912,64,,1
2025-04-30 20:48:40,MS-Seq,12288,,1469174,1,12,32768,262144,12582912,64,,1
2025-04-30 20:48:40,MS-Par,12288,,491019,2.992091955708435,12,32768,262144,12582912,64,,1
2025-04-30 20:48:40,MS-PMerge,12288,,1090692,1.3470108885001448,12,32768,262144,12582912,64,,1
2025-04-30 20:48:41,MS-CacheAware,12288,,1225089,1.199238585931308,12,32768,262144,12582912,64,,1
2025-04-30 20:48:49,MS-Seq,16384,,3633340,1,12,32768,262144,12582912,64,,1
2025-04-30 20:48:49,MS-Par,16384,,671803,5.408341433426168,12,32768,262144,12582912,64,,1
2025-04-30 20:48:49,MS-PMerge,16384,,667573,5.442610770657291,12,32768,262144,12582912,64,,1
2025-04-30 20:48:49,MS-CacheAware,16384,,1642369,2.2122555893346747,12,32768,262144,12582912,64,,1
2025-04-30 20:49:10,MS-Seq,24576,,2735594,1,12,32768,262144,12582912,64,,1
2025-04-30 20:49:10,MS-Par,24576,,2554244,1.0709994816470156,12,32768,262144,12582912,64,,1
2025-04-30 20:49:11,MS-PMerge,24576,,1811546,1.5100880684233247,12,32768,262144,12582912,64,,1
2025-04-30 20:49:11,MS-CacheAware,24576,,4495121,0.6085696024645387,12,32768,262144,12582912,64,,1
2025-04-30 20:49:47,MS-Seq,32768,,3142980,1,12,32768,262144,12582912,64,,1
2025-04-30 20:49:47,MS-Par,32768,,1791613,1.7542739419729596,12,32768,262144,12582912,64,,1
2025-04-30 20:49:47,MS-PMerge,32768,,2150421,1.461564967976038,12,32768,262144,12582912,64,,1
2025-04-30 20:49:47,MS-CacheAware,32768,,4216425,0.7454134723136306,12,32768,262144,12582912,64,,1
2025-04-30 20:51:00,MS-Seq,49152,,4981901,1,12,32768,262144,12582912,64,,1
2025-04-30 20:51:00,MS-Par,49152,,1268133,3.9285319442045905,12,32768,262144,12582912,64,,1
2025-04-30 20:51:00,MS-PMerge,49152,,1255173,3.969095096851191,12,32768,262144,12582912,64,,1
2025-04-30 20:51:01,MS-CacheAware,49152,,3760916,1.324650962691004,12,32768,262144,12582912,64,,1
2025-04-30 20:53:23,MS-Seq,65536,,3642512,1,12,32768,262144,12582912,64,,1
2025-04-30 20:53:23,MS-Par,65536,,4324326,0.8423305735969028,12,32768,262144,12582912,64,,1
2025-04-30 20:53:23,MS-PMerge,65536,,1242927,2.930592062124324,12,32768,262144,12582912,64,,1
2025-04-30 20:53:23,MS-CacheAware,65536,,5549770,0.6563356679646184,12,32768,262144,12582912,64,,1
2025-04-30 20:53:24,MS-Seq,4096,,141934,1,12,32768,262144,12582912,64,,1
2025-04-30 20:53:24,MS-Par,4096,,262636,0.5404209628535311,12,32768,262144,12582912,64,,1
2025-04-30 20:53:24,MS-PMerge,4096,,145362,0.9764174956315956,12,32768,262144,12582912,64,,1
2025-04-30 20:53:25,MS-CacheAware,4096,,143869,0.9865502644767115,12,32768,262144,12582912,64,,1
2025-04-30 20:53:27,MS-Seq,8192,,230295,1,12,32768,262144,12582912,64,,1
2025-04-30 20:53:27,MS-Par,8192,,222060,1.0370845717373682,12,32768,262144,12582912,64,,1
2025-04-30 20:53:27,MS-PMerge,8192,,236679,0.9730267577605111,12,32768,262144,12582912,64,,1
2025-04-30 20:53:27,MS-CacheAware,8192,,237195,0.9709100107506482,12,32768,262144,12582912,64,,1
2025-04-30 20:53:33,MS-Seq,12288,,644571,1,12,32768,262144,12582912,64,,1
2025-04-30 20:53:33,MS-Par,12288,,861840,0.7479010025062657,12,32768,262144,12582912,64,,1
2025-04-30 20:53:33,MS-PMerge,12288,,1391609,0.46318398343212785,12,32768,262144,12582912,64,,1
2025-04-30 20:53:33,MS-CacheAware,12288,,1195190,0.5393042110459425,12,32768,262144,12582912,64,,1
2025-04-30 20:53:42,MS-Seq,16384,,1133452,1,12,32768,262144,12582912,64,,1
2025-04-30 20:53:42,MS-Par,16384,,706647,1.6039861486711187,12,32768,262144,12582912,64,,1
2025-04-30 20:53:43,MS-PMerge,16384,,1268686,0.8934062486698836,12,32768,262144,12582912,64,,1
2025-04-30 20:53:43,MS-CacheAware,16384,,1641763,0.6903871021578633,12,32768,262144,12582912,64,,1
2025-04-30 20:54:06,MS-Seq,24576,,3255184,1,12,32768,262144,12582912,64,,1
2025-04-30 20:54:06,MS-Par,24576,,1418858,2.2942281750534583,12,32768,262144,12582912,64,,1
2025-04-30 20:54:06,MS-PMerge,24576,,223867,14.540704972148642,12,32768,262144,12582912,64,,1
2025-04-30 20:54:06,MS-CacheAware,24576,,1007980,3.229413282009564,12,32768,262144,12582912,64,,1
2025-04-30 20:54:44,MS-Seq,32768,,4831509,1,12,32768,262144,12582912,64,,1
2025-04-30 20:54:44,MS-Par,32768,,1559610,3.097895627753092,12,32768,262144,12582912,64,,1
2025-04-30 20:54:44,MS-PMerge,32768,,2211337,2.184881363627525,12,32768,262144,12582912,64,,1
2025-04-30 20:54:44,MS-CacheAware,32768,,6657481,0.7257262919713928,12,32768,262144,12582912,64,,1
2025-04-30 20:56:05,MS-Seq,49152,,5174775,1,12,32768,262144,12582912,64,,1
2025-04-30 20:56:05,MS-Par,49152,,1082685,4.779575776888015,12,32768,262144,12582912,64,,1
2025-04-30 20:56:05,MS-PMerge,49152,,2486613,2.0810536259562706,12,32768,262144,12582912,64,,1
2025-04-30 20:56:05,MS-CacheAware,49152,,5204093,0.9943663574036821,12,32768,262144,12582912,64,,1
2025-04-30 20:58:24,MS-Seq,65536,,4179243,1,12,32768,262144,12582912,64,,1
2025-04-30 20:58:24,MS-Par,65536,,2940893,1.4210795836502723,12,32768,262144,12582912,64,,1
2025-04-30 20:58:24,MS-PMerge,65536,,2631108,1.5883965994554385,12,32768,262144,12582912,64,,1
2025-04-30 20:58:24,MS-CacheAware,65536,,4197781,0.9955838572807871,12,32768,262144,12582912,64,,1
2025-04-30 20:58:26,MS-Seq,4096,,172436,1,12,32768,262144,12582912,64,,1
2025-04-30 20:58:26,MS-Par,4096,,214309,0.8046138986230162,12,32768,262144,12582912,64,,1
2025-04-30 20:58:26,MS-PMerge,4096,,114310,1.5084944449304523,12,32768,262144,12582912,64,,1
2025-04-30 20:58:26,MS-CacheAware,4096,,112769,1.5291081768925858,12,32768,262144,12582912,64,,1
2025-04-30 20:58:29,MS-Seq,8192,,465426,1,12,32768,262144,12582912,64,,1
2025-04-30 20:58:29,MS-Par,8192,,150804,3.0862974456910957,12,32768,262144,12582912,64,,1
2025-04-30 20:58:29,MS-PMerge,8192,,228247,2.0391330444649873,12,32768,262144,12582912,64,,1
2025-04-30 20:58:29,MS-CacheAware,8192,,233767,1.9909824740018909,12,32768,262144,12582912,64,,1
2025-04-30 20:58:35,MS-Seq,12288,,1418181,1,12,32768,262144,12582912,64,,1
2025-04-30 20:58:35,MS-Par,12288,,700707,2.0239286891667985,12,32768,262144,12582912,64,,1
2025-04-30 20:58:35,MS-PMerge,12288,,1136035,1.2483603058004376,12,32768,262144,12582912,64,,1
2025-04-30 20:58:35,MS-CacheAware,12288,,1166657,1.2155937863485156,12,32768,262144,12582912,64,,1
2025-04-30 20:58:43,MS-Seq,16384,,1145271,1,12,32768,262144,12582912,64,,1
2025-04-30 20:58:44,MS-Par,16384,,852364,1.343640745033812,12,32768,262144,12582912,64,,1
2025-04-30 20:58:44,MS-PMerge,16384,,1210551,0.9460741430968213,12,32768,262144,12582912,64,,1
2025-04-30 20:58:44,MS-CacheAware,16384,,1409742,0.8123975876436965,12,32768,262144,12582912,64,,1
2025-04-30 20:59:05,MS-Seq,24576,,1988078,1,12,32768,262144,12582912,64,,1
2025-04-30 20:59:05,MS-Par,24576,,1824090,1.0899012658366638,12,32768,262144,12582912,64,,1
2025-04-30 20:59:05,MS-PMerge,24576,,1426109,1.3940575369764863,12,32768,262144,12582912,64,,1
2025-04-30 20:59:06,MS-CacheAware,24576,,2923572,0.6800167740011192,12,32768,262144,12582912,64,,1
2025-04-30 20:59:44,MS-Seq,32768,,2384227,1,12,32768,262144,12582912,64,,1
2025-04-30 20:59:44,MS-Par,32768,,3799077,0.6275805939179437,12,32768,262144,12582912,64,,1
2025-04-30 20:59:44,MS-PMerge,32768,,2129972,1.1193701137855334,12,32768,262144,12582912,64,,1
2025-04-30 20:59:44,MS-CacheAware,32768,,2500073,0.9536629530417712,12,32768,262144,12582912,64,,1
2025-04-30 21:01:00,MS-Seq,49152,,4864608,1,12,32768,262144,12582912,64,,1
2025-04-30 21:01:00,MS-Par,49152,,1136759,4.279366162924595,12,32768,262144,12582912,64,,1
2025-04-30 21:01:00,MS-PMerge,49152,,1930859,2.519400950561382,12,32768,262144,12582912,64,,1
2025-04-30 21:01:00,MS-CacheAware,49152,,5394797,0.9017221593324086,12,32768,262144,12582912,64,,1
2025-04-30 21:03:22,MS-Seq,65536,,3540210,1,12,32768,262144,12582912,64,,1
2025-04-30 21:03:22,MS-Par,65536,,1640082,2.158556706311026,12,32768,262144,12582912,64,,1
2025-04-30 21:03:22,MS-PMerge,65536,,1573414,2.25001811347808,12,32768,262144,12582912,64,,1
2025-04-30 21:03:22,MS-CacheAware,65536,,7104641,0.49829541000030825,12,32768,262144,12582912,64,,1
2025-04-30 21:03:23,MS-Seq,4096,,130158,1,12,32768,262144,12582912,64,,1
2025-04-30 21:03:23,MS-Par,4096,,139810,0.9309634503969673,12,32768,262144,12582912,64,,1
2025-04-30 21:03:23,MS-PMerge,4096,,149322,0.8716599027604773,12,32768,262144,12582912,64,,1
2025-04-30 21:03:23,MS-CacheAware,4096,,151952,0.856573128356323,12,32768,262144,12582912,64,,1
2025-04-30 21:03:26,MS-Seq,8192,,439091,1,12,32768,262144,12582912,64,,1
2025-04-30 21:03:26,MS-Par,8192,,903923,0.48576150844706906,12,32768,262144,12582912,64,,1
2025-04-30 21:03:26,MS-PMerge,8192,,191728,2.2901767086706166,12,32768,262144,12582912,64,,1
2025-04-30 21:03:27,MS-CacheAware,8192,,270807,1.6214167285188343,12,32768,262144,12582912,64,,1
2025-04-30 21:03:32,MS-Seq,12288,,791689,1,12,32768,262144,12582912,64,,1
2025-04-30 21:03:32,MS-Par,12288,,530673,1.4918584514380795,12,32768,262144,12582912,64,,1
2025-04-30 21:03:32,MS-PMerge,12288,,147411,5.370623630529607,12,32768,262144,12582912,64,,1
2025-04-30 21:03:32,MS-CacheAware,12288,,660728,1.198207129106077,12,32768,262144,12582912,64,,1
2025-04-30 21:03:41,MS-Seq,16384,,1032222,1,12,32768,262144,12582912,64,,1
2025-04-30 21:03:41,MS-Par,16384,,1083641,0.9525497835537784,12,32768,262144,12582912,64,,1
2025-04-30 21:03:41,MS-PMerge,16384,,1360655,0.7586213992525659,12,32768,262144,12582912,64,,1
2025-04-30 21:03:42,MS-CacheAware,16384,,2414554,0.4275000683356015,12,32768,262144,12582912,64,,1
2025-04-30 21:04:03,MS-Seq,24576,,1369401,1,12,32768,262144,12582912,64,,1
2025-04-30 21:04:03,MS-Par,24576,,1190659,1.1501202275378593,12,32768,262144,12582912,64,,1
2025-04-30 21:04:03,MS-PMerge,24576,,2566973,0.5334691872489504,12,32768,262144,12582912,64,,1
2025-04-30 21:04:04,MS-CacheAware,24576,,2837399,0.48262546085340835,12,32768,262144,12582912,64,,1
2025-04-30 21:04:40,MS-Seq,32768,,4537633,1,12,32768,262144,12582912,64,,1
2025-04-30 21:04:41,MS-Par,32768,,1330251,3.411110384431209,12,32768,262144,12582912,64,,1
2025-04-30 21:04:41,MS-PMerge,32768,,1360835,3.33444760018665,12,32768,262144,12582912,64,,1
2025-04-30 21:04:41,MS-CacheAware,32768,,6375072,0.7117775297282917,12,32768,262144,12582912,64,,1
2025-04-30 21:05:52,MS-Seq,49152,,5427266,1,12,32768,262144,12582912,64,,1
2025-04-30 21:05:52,MS-Par,49152,,3294554,1.6473446785209773,12,32768,262144,12582912,64,,1
2025-04-30 21:05:52,MS-PMerge,49152,,1205967,4.500343707580721,12,32768,262144,12582912,64,,1
2025-04-30 21:05:52,MS-CacheAware,49152,,5901444,0.9196505126541911,12,32768,262144,12582912,64,,1
2025-04-30 21:08:16,MS-Seq,65536,,7878176,1,12,32768,262144,12582912,64,,1
2025-04-30 21:08:17,MS-Par,65536,,1672393,4.710720506483823,12,32768,262144,12582912,64,,1
2025-04-30 21:08:17,MS-PMerge,65536,,1973768,3.9914397234122756,12,32768,262144,12582912,64,,1
2025-04-30 21:08:17,MS-CacheAware,65536,,5314991,1.4822557554660016,12,32768,262144,12582912,64,,1
2025-04-30 21:08:18,MS-Seq,4096,,139154,1,12,32768,262144,12582912,64,,1
2025-04-30 21:08:18,MS-Par,4096,,142165,0.9788203847641824,12,32768,262144,12582912,64,,1
2025-04-30 21:08:18,MS-PMerge,4096,,182062,0.7643220441388099,12,32768,262144,12582912,64,,1
2025-04-30 21:08:18,MS-CacheAware,4096,,113936,1.2213347844403877,12,32768,262144,12582912,64,,1
2025-04-30 21:08:21,MS-Seq,8192,,1362635,1,12,32768,262144,12582912,64,,1
2025-04-30 21:08:21,MS-Par,8192,,292217,4.663092838541221,12,32768,262144,12582912,64,,1
2025-04-30 21:08:21,MS-PMerge,8192,,269766,5.051173980412654,12,32768,262144,12582912,64,,1
2025-04-30 21:08:22,MS-CacheAware,8192,,463902,2.937333747213851,12,32768,262144,12582912,64,,1
2025-04-30 21:08:27,MS-Seq,12288,,547551,1,12,32768,262144,12582912,64,,1
2025-04-30 21:08:27,MS-Par,12288,,393798,1.390436213490165,12,32768,262144,12582912,64,,1
2025-04-30 21:08:27,MS-PMerge,12288,,386645,1.4161595261803464,12,32768,262144,12582912,64,,1
2025-04-30 21:08:27,MS-CacheAware,12288,,957719,0.571724065200753,12,32768,262144,12582912,64,,1
2025-04-30 21:08:36,MS-Seq,16384,,2284930,1,12,32768,262144,12582912,64,,1
2025-04-30 21:08:36,MS-Par,16384,,636139,3.591872216606748,12,32768,262144,12582912,64,,1
2025-04-30 21:08:36,MS-PMerge,16384,,1313895,1.739050685176517,12,32768,262144,12582912,64,,1
2025-04-30 21:08:36,MS-CacheAware,16384,,2255733,1.0129434644969064,12,32768,262144,12582912,64,,1
2025-04-30 21:08:58,MS-Seq,24576,,7525818,1,12,32768,262144,12582912,64,,1
2025-04-30 21:08:58,MS-Par,24576,,1670077,4.506270070182393,12,32768,262144,12582912,64,,1
2025-04-30 21:08:58,MS-PMerge,24576,,2415828,3.1152126724253546,12,32768,262144,12582912,64,,1
2025-04-30 21:08:59,MS-CacheAware,24576,,3639295,2.067932937560709,12,32768,262144,12582912,64,,1
2025-04-30 21:09:38,MS-Seq,32768,,3075267,1,12,32768,262144,12582912,64,,1
2025-04-30 21:09:38,MS-Par,32768,,1261513,2.4377608474902757,12,32768,262144,12582912,64,,1
2025-04-30 21:09:38,MS-PMerge,32768,,1413081,2.176285011262624,12,32768,262144,12582912,64,,1
2025-04-30 21:09:39,MS-CacheAware,32768,,3874776,0.7936631691741665,12,32768,262144,12582912,64,,1
2025-04-30 21:10:51,MS-Seq,49152,,4113481,1,12,32768,262144,12582912,64,,1
2025-04-30 21:10:51,MS-Par,49152,,1307838,3.1452526994933625,12,32768,262144,12582912,64,,1
2025-04-30 21:10:51,MS-PMerge,49152,,1264314,3.253528000164516,12,32768,262144,12582912,64,,1
2025-04-30 21:10:51,MS-CacheAware,49152,,6241027,0.6591032213127743,12,32768,262144,12582912,64,,1
2025-04-30 21:13:12,MS-Seq,65536,,4260091,1,12,32768,262144,12582912,64,,1
2025-04-30 21:13:12,MS-Par,65536,,1615575,2.636888414341643,12,32768,262144,12582912,64,,1
2025-04-30 21:13:12,MS-PMerge,65536,,4681501,0.9099839987217775,12,32768,262144,12582912,64,,1
2025-04-30 21:13:12,MS-CacheAware,65536,,7331131,0.5810960136982957,12,32768,262144,12582912,64,,1
2025-04-30 21:13:13,MS-Seq,4096,,138869,1,12,32768,262144,12582912,64,,1
2025-04-30 21:13:13,MS-Par,4096,,141623,0.980554006058338,12,32768,262144,12582912,64,,1
2025-04-30 21:13:13,MS-PMerge,4096,,235339,0.5900806921079804,12,32768,262144,12582912,64,,1
2025-04-30 21:13:13,MS-CacheAware,4096,,138473,1.002859763275151,12,32768,262144,12582912,64,,1
2025-04-30 21:13:17,MS-Seq,8192,,465893,1,12,32768,262144,12582912,64,,1
2025-04-30 21:13:17,MS-Par,8192,,416806,1.117769417906652,12,32768,262144,12582912,64,,1
2025-04-30 21:13:17,MS-PMerge,8192,,374873,1.242802229021562,12,32768,262144,12582912,64,,1
2025-04-30 21:13:17,MS-CacheAware,8192,,461751,1.0089702025550566,12,32768,262144,12582912,64,,1
2025-04-30 21:13:22,MS-Seq,12288,,810472,1,12,32768,262144,12582912,64,,1
2025-04-30 21:13:23,MS-Par,12288,,470270,1.723418461734748,12,32768,262144,12582912,64,,1
2025-04-30 21:13:23,MS-PMerge,12288,,1085111,0.7469023906310046,12,32768,262144,12582912,64,,1
2025-04-30 21:13:23,MS-CacheAware,12288,,1241891,0.6526112195031609,12,32768,262144,12582912,64,,1
2025-04-30 21:13:31,MS-Seq,16384,,1046833,1,12,32768,262144,12582912,64,,1
2025-04-30 21:13:31,MS-Par,16384,,615032,1.7020789162189935,12,32768,262144,12582912,64,,1
2025-04-30 21:13:31,MS-PMerge,16384,,1351240,0.7747202569491726,12,32768,262144,12582912,64,,1
2025-04-30 21:13:32,MS-CacheAware,16384,,3813309,0.27452089510711036,12,32768,262144,12582912,64,,1
2025-04-30 21:13:53,MS-Seq,24576,,3942909,1,12,32768,262144,12582912,64,,1
2025-04-30 21:13:53,MS-Par,24576,,1765103,2.233812417745593,12,32768,262144,12582912,64,,1
2025-04-30 21:13:53,MS-PMerge,24576,,1532276,2.573236805901809,12,32768,262144,12582912,64,,1
2025-04-30 21:13:54,MS-CacheAware,24576,,2873952,1.3719467130975047,12,32768,262144,12582912,64,,1
2025-04-30 21:14:29,MS-Seq,32768,,4226030,1,12,32768,262144,12582912,64,,1
2025-04-30 21:14:30,MS-Par,32768,,1672344,2.527009993159302,12,32768,262144,12582912,64,,1
2025-04-30 21:14:30,MS-PMerge,32768,,1797362,2.3512403177545758,12,32768,262144,12582912,64,,1
2025-04-30 21:14:30,MS-CacheAware,32768,,3123300,1.3530656677232415,12,32768,262144,12582912,64,,1
2025-04-30 21:15:42,MS-Seq,49152,,3770910,1,12,32768,262144,12582912,64,,1
2025-04-30 21:15:42,MS-Par,49152,,2971050,1.2692179532488514,12,32768,262144,12582912,64,,1
2025-04-30 21:15:42,MS-PMerge,49152,,1250318,3.015960739587849,12,32768,262144,12582912,64,,1
2025-04-30 21:15:42,MS-CacheAware,49152,,3789057,0.9952106817078761,12,32768,262144,12582912,64,,1
2025-04-30 21:17:59,MS-Seq,65536,,4108366,1,12,32768,262144,12582912,64,,1
2025-04-30 21:17:59,MS-Par,65536,,1491415,2.7546765990686697,12,32768,262144,12582912,64,,1
2025-04-30 21:17:59,MS-PMerge,65536,,3433884,1.1964195645513942,12,32768,262144,12582912,64,,1
2025-04-30 21:17:59,MS-CacheAware,65536,,4286255,0.9584978028605391,12,32768,262144,12582912,64,,1
2025-04-30 21:20:57,MS-Seq,4096,,117345,1,12,32768,262144,12582912,64,,1
2025-04-30 21:20:57,MS-Par,4096,,117702,0.9969669164500179,12,32768,262144,12582912,64,,1
2025-04-30 21:20:57,MS-PMerge,4096,,114404,1.0257071431068843,12,32768,262144,12582912,64,,1
2025-04-30 21:20:57,MS-CacheAware,4096,,151567,0.7742120646314831,12,32768,262144,12582912,64,,1
2025-04-30 21:20:58,MS-Seq,8192,,281150,1,12,32768,262144,12582912,64,,1
2025-04-30 21:20:58,MS-Par,8192,,233986,1.2015676151564623,12,32768,262144,12582912,64,,1
2025-04-30 21:20:58,MS-PMerge,8192,,215919,1.3021086611182897,12,32768,262144,12582912,64,,1
2025-04-30 21:20:59,MS-CacheAware,8192,,277920,1.0116220495106505,12,32768,262144,12582912,64,,1
2025-04-30 21:21:02,MS-Seq,12288,,553857,1,12,32768,262144,12582912,64,,1
2025-04-30 21:21:02,MS-Par,12288,,366054,1.5130472553229852,12,32768,262144,12582912,64,,1
2025-04-30 21:21:02,MS-PMerge,12288,,375631,1.4744709568699068,12,32768,262144,12582912,64,,1
2025-04-30 21:21:02,MS-CacheAware,12288,,697937,0.7935630293278619,12,32768,262144,12582912,64,,1
2025-04-30 21:21:07,MS-Seq,16384,,609874,1,12,32768,262144,12582912,64,,1
2025-04-30 21:21:07,MS-Par,16384,,386669,1.577250826934665,12,32768,262144,12582912,64,,1
2025-04-30 21:21:07,MS-PMerge,16384,,426537,1.4298267207768611,12,32768,262144,12582912,64,,1
2025-04-30 21:21:07,MS-CacheAware,16384,,907348,0.6721500460683222,12,32768,262144,12582912,64,,1
2025-04-30 21:21:20,MS-Seq,24576,,2775501,1,12,32768,262144,12582912,64,,1
2025-04-30 21:21:20,MS-Par,24576,,2427155,1.1435202943363731,12,32768,262144,12582912,64,,1
2025-04-30 21:21:20,MS-PMerge,24576,,1327837,2.090242251119678,12,32768,262144,12582912,64,,1
2025-04-30 21:21:20,MS-CacheAware,24576,,2837086,0.978292868104809,12,32768,262144,12582912,64,,1
2025-04-30 21:21:46,MS-Seq,32768,,1317159,1,12,32768,262144,12582912,64,,1
2025-04-30 21:21:46,MS-Par,32768,,630757,2.0882193935223867,12,32768,262144,12582912,64,,1
2025-04-30 21:21:46,MS-PMerge,32768,,1835454,0.7176202726954748,12,32768,262144,12582912,64,,1
2025-04-30 21:21:46,MS-CacheAware,32768,,1787920,0.7366990693095888,12,32768,262144,12582912,64,,1
2025-04-30 21:22:52,MS-Seq,49152,,4482144,1,12,32768,262144,12582912,64,,1
2025-04-30 21:22:52,MS-Par,49152,,1168124,3.837044697309532,12,32768,262144,12582912,64,,1
2025-04-30 21:22:52,MS-PMerge,49152,,1872136,2.3941337595131977,12,32768,262144,12582912,64,,1
2025-04-30 21:22:52,MS-CacheAware,49152,,3566209,1.2568371623760695,12,32768,262144,12582912,64,,1
2025-04-30 21:25:06,MS-Seq,65536,,4653092,1,12,32768,262144,12582912,64,,1
2025-04-30 21:25:06,MS-Par,65536,,2721935,1.7094794695685238,12,32768,262144,12582912,64,,1
2025-04-30 21:25:06,MS-PMerge,65536,,2620754,1.7754783547025017,12,32768,262144,12582912,64,,1
2025-04-30 21:25:06,MS-CacheAware,65536,,4030568,1.1544506878435,12,32768,262144,12582912,64,,1
2025-04-30 21:25:08,MS-Seq,4096,,108742,1,12,32768,262144,12582912,64,,1
2025-04-30 21:25:08,MS-Par,4096,,119990,0.9062588549045754,12,32768,262144,12582912,64,,1
2025-04-30 21:25:08,MS-PMerge,4096,,143037,0.7602368617910051,12,32768,262144,12582912,64,,1
2025-04-30 21:25:08,MS-CacheAware,4096,,112090,0.9701311446159336,12,32768,262144,12582912,64,,1
2025-04-30 21:25:11,MS-Seq,8192,,433939,1,12,32768,262144,12582912,64,,1
2025-04-30 21:25:11,MS-Par,8192,,1079679,0.40191482838880815,12,32768,262144,12582912,64,,1
2025-04-30 21:25:11,MS-PMerge,8192,,307549,1.4109589041095891,12,32768,262144,12582912,64,,1
2025-04-30 21:25:11,MS-CacheAware,8192,,222421,1.9509803480786436,12,32768,262144,12582912,64,,1
2025-04-30 21:25:16,MS-Seq,12288,,744692,1,12,32768,262144,12582912,64,,1
2025-04-30 21:25:16,MS-Par,12288,,1143730,0.6511082160999536,12,32768,262144,12582912,64,,1
2025-04-30 21:25:16,MS-PMerge,12288,,388106,1.918785074180765,12,32768,262144,12582912,64,,1
2025-04-30 21:25:17,MS-CacheAware,12288,,1184626,0.6286304707139637,12,32768,262144,12582912,64,,1
2025-04-30 21:25:24,MS-Seq,16384,,1030207,1,12,32768,262144,12582912,64,,1
2025-04-30 21:25:24,MS-Par,16384,,618797,1.6648545484221804,12,32768,262144,12582912,64,,1
2025-04-30 21:25:24,MS-PMerge,16384,,476777,2.160773275556497,12,32768,262144,12582912,64,,1
2025-04-30 21:25:25,MS-CacheAware,16384,,2177566,0.47310024127856515,12,32768,262144,12582912,64,,1
2025-04-30 21:25:47,MS-Seq,24576,,2815984,1,12,32768,262144,12582912,64,,1
2025-04-30 21:25:47,MS-Par,24576,,1240911,2.269287644319375,12,32768,262144,12582912,64,,1
2025-04-30 21:25:47,MS-PMerge,24576,,2818880,0.9989726416165285,12,32768,262144,12582912,64,,1
2025-04-30 21:25:47,MS-CacheAware,24576,,3462854,0.8131974377204467,12,32768,262144,12582912,64,,1
2025-04-30 21:26:33,MS-Seq,32768,,1830842,1,12,32768,262144,12582912,64,,1
2025-04-30 21:26:33,MS-Par,32768,,869576,2.1054421925168127,12,32768,262144,12582912,64,,1
2025-04-30 21:26:33,MS-PMerge,32768,,785342,2.331267142213201,12,32768,262144,12582912,64,,1
2025-04-30 21:26:33,MS-CacheAware,32768,,1882977,0.9723124605345684,12,32768,262144,12582912,64,,1
2025-04-30 21:27:47,MS-Seq,49152,,4976703,1,12,32768,262144,12582912,64,,1
2025-04-30 21:27:47,MS-Par,49152,,953958,5.2168994861409,12,32768,262144,12582912,64,,1
2025-04-30 21:27:47,MS-PMerge,49152,,819932,6.069653337106004,12,32768,262144,12582912,64,,1
2025-04-30 21:27:47,MS-CacheAware,49152,,4490046,1.1083857492774016,12,32768,262144,12582912,64,,1
2025-04-30 21:30:05,MS-Seq,65536,,4588271,1,12,32768,262144,12582912,64,,1
2025-04-30 21:30:06,MS-Par,65536,,2337816,1.9626313619206985,12,32768,262144,12582912,64,,1
2025-04-30 21:30:06,MS-PMerge,65536,,6798503,0.6748943112917652,12,32768,262144,12582912,64,,1
2025-04-30 21:30:06,MS-CacheAware,65536,,8253854,0.5558943737071191,12,32768,262144,12582912,64,,1
2025-04-30 21:30:07,MS-Seq,4096,,135977,1,12,32768,262144,12582912,64,,1
2025-04-30 21:30:07,MS-Par,4096,,137669,0.9877096514102667,12,32768,262144,12582912,64,,1
2025-04-30 21:30:07,MS-PMerge,4096,,147104,0.9243596367195998,12,32768,262144,12582912,64,,1
2025-04-30 21:30:07,MS-CacheAware,4096,,108482,1.253452185616047,12,32768,262144,12582912,64,,1
2025-04-30 21:30:10,MS-Seq,8192,,236113,1,12,32768,262144,12582912,64,,1
2025-04-30 21:30:10,MS-Par,8192,,191254,1.2345519570832506,12,32768,262144,12582912,64,,1
2025-04-30 21:30:10,MS-PMerge,8192,,183933,1.2836902567782833,12,32768,262144,12582912,64,,1
2025-04-30 21:30:10,MS-CacheAware,8192,,239332,0.9865500643457624,12,32768,262144,12582912,64,,1
2025-04-30 21:30:16,MS-Seq,12288,,739723,1,12,32768,262144,12582912,64,,1
2025-04-30 21:30:16,MS-Par,12288,,526432,1.4051634399124673,12,32768,262144,12582912,64,,1
2025-04-30 21:30:16,MS-PMerge,12288,,389395,1.8996725689852207,12,32768,262144,12582912,64,,1
2025-04-30 21:30:16,MS-CacheAware,12288,,1186512,0.6234433364348612,12,32768,262144,12582912,64,,1
2025-04-30 21:30:24,MS-Seq,16384,,810722,1,12,32768,262144,12582912,64,,1
2025-04-30 21:30:24,MS-Par,16384,,602240,1.3461776036131774,12,32768,262144,12582912,64,,1
2025-04-30 21:30:25,MS-PMerge,16384,,876418,0.9250403346348431,12,32768,262144,12582912,64,,1
2025-04-30 21:30:25,MS-CacheAware,16384,,1976811,0.41011609101730007,12,32768,262144,12582912,64,,1
2025-04-30 21:30:46,MS-Seq,24576,,3101186,1,12,32768,262144,12582912,64,,1
2025-04-30 21:30:46,MS-Par,24576,,2956199,1.0490450744351107,12,32768,262144,12582912,64,,1
2025-04-30 21:30:46,MS-PMerge,24576,,2582180,1.2009952830554027,12,32768,262144,12582912,64,,1
2025-04-30 21:30:47,MS-CacheAware,24576,,3709694,0.83596814184674,12,32768,262144,12582912,64,,1
2025-04-30 21:31:24,MS-Seq,32768,,2514606,1,12,32768,262144,12582912,64,,1
2025-04-30 21:31:24,MS-Par,32768,,1165901,2.1567920432352317,12,32768,262144,12582912,64,,1
2025-04-30 21:31:24,MS-PMerge,32768,,2872872,0.8752934345839286,12,32768,262144,12582912,64,,1
2025-04-30 21:31:25,MS-CacheAware,32768,,6460245,0.3892431324199005,12,32768,262144,12582912,64,,1
2025-04-30 21:32:44,MS-Seq,49152,,6452897,1,12,32768,262144,12582912,64,,1
2025-04-30 21:32:44,MS-Par,49152,,1164162,5.542954502895645,12,32768,262144,12582912,64,,1
2025-04-30 21:32:44,MS-PMerge,49152,,1172027,5.5057579731524955,12,32768,262144,12582912,64,,1
2025-04-30 21:32:44,MS-CacheAware,49152,,3759136,1.7165904612123637,12,32768,262144,12582912,64,,1
2025-04-30 21:35:11,MS-Seq,65536,,4124745,1,12,32768,262144,12582912,64,,1
2025-04-30 21:35:11,MS-Par,65536,,2164063,1.906018909800685,12,32768,262144,12582912,64,,1
2025-04-30 21:35:11,MS-PMerge,65536,,2007566,2.054599948395221,12,32768,262144,12582912,64,,1
2025-04-30 21:35:11,MS-CacheAware,65536,,4107692,1.0041514797117213,12,32768,262144,12582912,64,,1
2025-04-30 21:35:13,MS-Seq,4096,,152333,1,12,32768,262144,12582912,64,,1
2025-04-30 21:35:13,MS-Par,4096,,171267,0.8894474709079975,12,32768,262144,12582912,64,,1
2025-04-30 21:35:13,MS-PMerge,4096,,116310,1.309715415699424,12,32768,262144,12582912,64,,1
2025-04-30 21:35:13,MS-CacheAware,4096,,258687,0.5888699470789023,12,32768,262144,12582912,64,,1
2025-04-30 21:35:16,MS-Seq,8192,,460571,1,12,32768,262144,12582912,64,,1
2025-04-30 21:35:16,MS-Par,8192,,332587,1.3848135976451275,12,32768,262144,12582912,64,,1
2025-04-30 21:35:16,MS-PMerge,8192,,140936,3.2679443151501393,12,32768,262144,12582912,64,,1
2025-04-30 21:35:16,MS-CacheAware,8192,,235576,1.955084558698679,12,32768,262144,12582912,64,,1
2025-04-30 21:35:22,MS-Seq,12288,,768259,1,12,32768,262144,12582912,64,,1
2025-04-30 21:35:22,MS-Par,12288,,432053,1.7781591610288552,12,32768,262144,12582912,64,,1
2025-04-30 21:35:22,MS-PMerge,12288,,1766695,0.4348566107902043,12,32768,262144,12582912,64,,1
2025-04-30 21:35:22,MS-CacheAware,12288,,807951,0.9508732584030467,12,32768,262144,12582912,64,,1
2025-04-30 21:35:31,MS-Seq,16384,,1191006,1,12,32768,262144,12582912,64,,1
2025-04-30 21:35:31,MS-Par,16384,,1196234,0.9956296176166202,12,32768,262144,12582912,64,,1
2025-04-30 21:35:31,MS-PMerge,16384,,1161121,1.025738058307446,12,32768,262144,12582912,64,,1
2025-04-30 21:35:31,MS-CacheAware,16384,,1926601,0.6181902739591644,12,32768,262144,12582912,64,,1
2025-04-30 21:35:53,MS-Seq,24576,,1697791,1,12,32768,262144,12582912,64,,1
2025-04-30 21:35:53,MS-Par,24576,,2054290,0.8264612104425373,12,32768,262144,12582912,64,,1
2025-04-30 21:35:53,MS-PMerge,24576,,2280507,0.744479626679506,12,32768,262144,12582912,64,,1
2025-04-30 21:35:53,MS-CacheAware,24576,,3147931,0.5393355191076298,12,32768,262144,12582912,64,,1
2025-04-30 21:36:28,MS-Seq,32768,,2051312,1,12,32768,262144,12582912,64,,1
2025-04-30 21:36:28,MS-Par,32768,,947741,2.164422558483805,12,32768,262144,12582912,64,,1
2025-04-30 21:36:28,MS-PMerge,32768,,1011459,2.028072319293219,12,32768,262144,12582912,64,,1
2025-04-30 21:36:28,MS-CacheAware,32768,,4001098,0.5126872673451137,12,32768,262144,12582912,64,,1
2025-04-30 21:37:41,MS-Seq,49152,,5698662,1,12,32768,262144,12582912,64,,1
2025-04-30 21:37:41,MS-Par,49152,,4024251,1.4160801600099,12,32768,262144,12582912,64,,1
2025-04-30 21:37:41,MS-PMerge,49152,,1329656,4.285816782686649,12,32768,262144,12582912,64,,1
2025-04-30 21:37:41,MS-CacheAware,49152,,3891188,1.4645044135621306,12,32768,262144,12582912,64,,1
2025-04-30 21:40:06,MS-Seq,65536,,3452876,1,12,32768,262144,12582912,64,,1
2025-04-30 21:40:06,MS-Par,65536,,1627716,2.1213012589419775,12,32768,262144,12582912,64,,1
2025-04-30 21:40:06,MS-PMerge,65536,,4148798,0.8322593676529925,12,32768,262144,12582912,64,,1
2025-04-30 21:40:06,MS-CacheAware,65536,,5123688,0.6739044219710489,12,32768,262144,12582912,64,,1
2025-04-30 21:40:07,MS-Seq,4096,,173253,1,12,32768,262144,12582912,64,,1
2025-04-30 21:40:07,MS-Par,4096,,144292,1.200711058132121,12,32768,262144,12582912,64,,1
2025-04-30 21:40:07,MS-PMerge,4096,,148478,1.1668597367960236,12,32768,262144,12582912,64,,1
2025-04-30 21:40:07,MS-CacheAware,4096,,136976,1.2648420161196121,12,32768,262144,12582912,64,,1
2025-04-30 21:40:11,MS-Seq,8192,,448009,1,12,32768,262144,12582912,64,,1
2025-04-30 21:40:11,MS-Par,8192,,984979,0.45484116920259215,12,32768,262144,12582912,64,,1
2025-04-30 21:40:11,MS-PMerge,8192,,250326,1.7897022282943043,12,32768,262144,12582912,64,,1
2025-04-30 21:40:11,MS-CacheAware,8192,,445046,1.006657738750601,12,32768,262144,12582912,64,,1
2025-04-30 21:40:16,MS-Seq,12288,,573769,1,12,32768,262144,12582912,64,,1
2025-04-30 21:40:17,MS-Par,12288,,403886,1.4206211653783494,12,32768,262144,12582912,64,,1
2025-04-30 21:40:17,MS-PMerge,12288,,764589,0.7504280077270272,12,32768,262144,12582912,64,,1
2025-04-30 21:40:17,MS-CacheAware,12288,,1158039,0.495466042162656,12,32768,262144,12582912,64,,1
2025-04-30 21:40:25,MS-Seq,16384,,833525,1,12,32768,262144,12582912,64,,1
2025-04-30 21:40:25,MS-Par,16384,,633073,1.3166333108504074,12,32768,262144,12582912,64,,1
2025-04-30 21:40:25,MS-PMerge,16384,,552144,1.509615245298328,12,32768,262144,12582912,64,,1
2025-04-30 21:40:26,MS-CacheAware,16384,,1619493,0.5146826815552769,12,32768,262144,12582912,64,,1
2025-04-30 21:40:47,MS-Seq,24576,,3365023,1,12,32768,262144,12582912,64,,1
2025-04-30 21:40:47,MS-Par,24576,,801135,4.2003195466432,12,32768,262144,12582912,64,,1
2025-04-30 21:40:47,MS-PMerge,24576,,1408770,2.388624828751322,12,32768,262144,12582912,64,,1
2025-04-30 21:40:47,MS-CacheAware,24576,,1806437,1.8627956579720188,12,32768,262144,12582912,64,,1
2025-04-30 21:41:21,MS-Seq,32768,,4001813,1,12,32768,262144,12582912,64,,1
2025-04-30 21:41:22,MS-Par,32768,,1899838,2.1063969664781945,12,32768,262144,12582912,64,,1
2025-04-30 21:41:22,MS-PMerge,32768,,1837221,2.1781881439413113,12,32768,262144,12582912,64,,1
2025-04-30 21:41:22,MS-CacheAware,32768,,3385118,1.182178287433407,12,32768,262144,12582912,64,,1
2025-04-30 21:42:37,MS-Seq,49152,,8201811,1,12,32768,262144,12582912,64,,1
2025-04-30 21:42:37,MS-Par,49152,,1170359,7.0079445708539,12,32768,262144,12582912,64,,1
2025-04-30 21:42:37,MS-PMerge,49152,,1227406,6.682231470271451,12,32768,262144,12582912,64,,1
2025-04-30 21:42:37,MS-CacheAware,49152,,6502788,1.2612760865032044,12,32768,262144,12582912,64,,1
2025-04-30 21:44:52,MS-Seq,65536,,3871007,1,12,32768,262144,12582912,64,,1
2025-04-30 21:44:52,MS-Par,65536,,1501556,2.5779970910175845,12,32768,262144,12582912,64,,1
2025-04-30 21:44:52,MS-PMerge,65536,,3983087,0.9718610213635805,12,32768,262144,12582912,64,,1
2025-04-30 21:44:52,MS-CacheAware,65536,,7576332,0.5109341829265138,12,32768,262144,12582912,64,,1
2025-04-30 21:44:53,MS-Seq,4096,,150064,1,12,32768,262144,12582912,64,,1
2025-04-30 21:44:53,MS-Par,4096,,135746,1.1054764044612733,12,32768,262144,12582912,64,,1
2025-04-30 21:44:53,MS-PMerge,4096,,180781,0.8300872326184721,12,32768,262144,12582912,64,,1
2025-04-30 21:44:53,MS-CacheAware,4096,,111230,1.3491324283017172,12,32768,262144,12582912,64,,1
2025-04-30 21:44:56,MS-Seq,8192,,1149360,1,12,32768,262144,12582912,64,,1
2025-04-30 21:44:56,MS-Par,8192,,163741,7.019378164296053,12,32768,262144,12582912,64,,1
2025-04-30 21:44:56,MS-PMerge,8192,,201385,5.707277106040668,12,32768,262144,12582912,64,,1
2025-04-30 21:44:56,MS-CacheAware,8192,,241101,4.767130787512287,12,32768,262144,12582912,64,,1
2025-04-30 21:45:02,MS-Seq,12288,,701346,1,12,32768,262144,12582912,64,,1
2025-04-30 21:45:02,MS-Par,12288,,913640,0.767639332778775,12,32768,262144,12582912,64,,1
2025-04-30 21:45:02,MS-PMerge,12288,,1051710,0.6668625381521522,12,32768,262144,12582912,64,,1
2025-04-30 21:45:02,MS-CacheAware,12288,,2075180,0.3379687545176804,12,32768,262144,12582912,64,,1
2025-04-30 21:45:10,MS-Seq,16384,,1056402,1,12,32768,262144,12582912,64,,1
2025-04-30 21:45:11,MS-Par,16384,,683618,1.5453103926461855,12,32768,262144,12582912,64,,1
2025-04-30 21:45:11,MS-PMerge,16384,,906532,1.1653223493489475,12,32768,262144,12582912,64,,1
2025-04-30 21:45:11,MS-CacheAware,16384,,1963538,0.5380094502882042,12,32768,262144,12582912,64,,1
2025-04-30 21:45:33,MS-Seq,24576,,3762668,1,12,32768,262144,12582912,64,,1
2025-04-30 21:45:33,MS-Par,24576,,2068240,1.819260820794492,12,32768,262144,12582912,64,,1
2025-04-30 21:45:33,MS-PMerge,24576,,4123064,0.9125902484171965,12,32768,262144,12582912,64,,1
2025-04-30 21:45:34,MS-CacheAware,24576,,5754102,0.6539105493785129,12,32768,262144,12582912,64,,1
2025-04-30 21:46:15,MS-Seq,32768,,4198620,1,12,32768,262144,12582912,64,,1
2025-04-30 21:46:15,MS-Par,32768,,3404758,1.2331625331374505,12,32768,262144,12582912,64,,1
2025-04-30 21:46:15,MS-PMerge,32768,,4133652,1.0157168527974778,12,32768,262144,12582912,64,,1
2025-04-30 21:46:15,MS-CacheAware,32768,,4180683,1.0042904472785905,12,32768,262144,12582912,64,,1
2025-04-30 21:47:28,MS-Seq,49152,,8276646,1,12,32768,262144,12582912,64,,1
2025-04-30 21:47:28,MS-Par,49152,,1283980,6.446086387638437,12,32768,262144,12582912,64,,1
2025-04-30 21:47:28,MS-PMerge,49152,,1214079,6.817221943547331,12,32768,262144,12582912,64,,1
2025-04-30 21:47:28,MS-CacheAware,49152,,3599042,2.2996803038141818,12,32768,262144,12582912,64,,1
2025-04-30 21:49:52,MS-Seq,65536,,6801779,1,12,32768,262144,12582912,64,,1
2025-04-30 21:49:52,MS-Par,65536,,1462042,4.652245968310076,12,32768,262144,12582912,64,,1
2025-04-30 21:49:52,MS-PMerge,65536,,1957342,3.4750079444471123,12,32768,262144,12582912,64,,1
2025-04-30 21:49:53,MS-CacheAware,65536,,4244485,1.6024980651362886,12,32768,262144,12582912,64,,1
2025-04-30 21:49:54,MS-Seq,4096,,138912,1,12,32768,262144,12582912,64,,1
2025-04-30 21:49:54,MS-Par,4096,,144803,0.9593171412194499,12,32768,262144,12582912,64,,1
2025-04-30 21:49:54,MS-PMerge,4096,,143694,0.9667209486826173,12,32768,262144,12582912,64,,1
2025-04-30 21:49:54,MS-CacheAware,4096,,130981,1.0605507669051237,12,32768,262144,12582912,64,,1
2025-04-30 21:49:57,MS-Seq,8192,,456876,1,12,32768,262144,12582912,64,,1
2025-04-30 21:49:57,MS-Par,8192,,179554,2.5445047172438375,12,32768,262144,12582912,64,,1
2025-04-30 21:49:57,MS-PMerge,8192,,227375,2.009350192413414,12,32768,262144,12582912,64,,1
2025-04-30 21:49:57,MS-CacheAware,8192,,293452,1.556901980562409,12,32768,262144,12582912,64,,1
2025-04-30 21:50:03,MS-Seq,12288,,743579,1,12,32768,262144,12582912,64,,1
2025-04-30 21:50:03,MS-Par,12288,,555225,1.3392390472331037,12,32768,262144,12582912,64,,1
2025-04-30 21:50:03,MS-PMerge,12288,,1338791,0.5554108146827996,12,32768,262144,12582912,64,,1
2025-04-30 21:50:04,MS-CacheAware,12288,,1329572,0.559261927898602,12,32768,262144,12582912,64,,1
2025-04-30 21:50:13,MS-Seq,16384,,1738752,1,12,32768,262144,12582912,64,,1
2025-04-30 21:50:14,MS-Par,16384,,669759,2.5960860548346494,12,32768,262144,12582912,64,,1
2025-04-30 21:50:14,MS-PMerge,16384,,689368,2.522240661011245,12,32768,262144,12582912,64,,1
2025-04-30 21:50:14,MS-CacheAware,16384,,1530749,1.13588315262659,12,32768,262144,12582912,64,,1
2025-04-30 21:50:35,MS-Seq,24576,,1860630,1,12,32768,262144,12582912,64,,1
2025-04-30 21:50:35,MS-Par,24576,,1355585,1.3725660877038326,12,32768,262144,12582912,64,,1
2025-04-30 21:50:35,MS-PMerge,24576,,2270439,0.8195023077034882,12,32768,262144,12582912,64,,1
2025-04-30 21:50:35,MS-CacheAware,24576,,4023691,0.4624187095877889,12,32768,262144,12582912,64,,1
2025-04-30 21:51:13,MS-Seq,32768,,3766826,1,12,32768,262144,12582912,64,,1
2025-04-30 21:51:13,MS-Par,32768,,1610581,2.3387994767105784,12,32768,262144,12582912,64,,1
2025-04-30 21:51:13,MS-PMerge,32768,,1242976,3.030489727878897,12,32768,262144,12582912,64,,1
2025-04-30 21:51:13,MS-CacheAware,32768,,5100019,0.7385905817213622,12,32768,262144,12582912,64,,1
2025-04-30 21:52:26,MS-Seq,49152,,5362187,1,12,32768,262144,12582912,64,,1
2025-04-30 21:52:26,MS-Par,49152,,1244883,4.307382300184034,12,32768,262144,12582912,64,,1
2025-04-30 21:52:26,MS-PMerge,49152,,1125353,4.764893326805011,12,32768,262144,12582912,64,,1
2025-04-30 21:52:26,MS-CacheAware,49152,,3770661,1.4220814334675007,12,32768,262144,12582912,64,,1
2025-04-30 21:54:49,MS-Seq,65536,,5587738,1,12,32768,262144,12582912,64,,1
2025-04-30 21:54:49,MS-Par,65536,,1360000,4.108630882352942,12,32768,262144,12582912,64,,1
2025-04-30 21:54:49,MS-PMerge,65536,,2806081,1.991296045980141,12,32768,262144,12582912,64,,1
2025-04-30 21:54:49,MS-CacheAware,65536,,4297978,1.3000852959228735,12,32768,262144,12582912,64,,1
2025-04-30 21:54:50,MS-Seq,4096,,140674,1,12,32768,262144,12582912,64,,1
2025-04-30 21:54:50,MS-Par,4096,,180102,0.7810796104429713,12,32768,262144,12582912,64,,1
2025-04-30 21:54:50,MS-PMerge,4096,,184695,0.761655702644901,12,32768,262144,12582912,64,,1
2025-04-30 21:54:51,MS-CacheAware,4096,,223997,0.6280173395179399,12,32768,262144,12582912,64,,1
2025-04-30 21:54:54,MS-Seq,8192,,2030456,1,12,32768,262144,12582912,64,,1
2025-04-30 21:54:54,MS-Par,8192,,928525,2.1867542607899626,12,32768,262144,12582912,64,,1
2025-04-30 21:54:54,MS-PMerge,8192,,851164,2.385505026058433,12,32768,262144,12582912,64,,1
2025-04-30 21:54:54,MS-CacheAware,8192,,452979,4.482450621331232,12,32768,262144,12582912,64,,1
2025-04-30 21:55:00,MS-Seq,12288,,710782,1,12,32768,262144,12582912,64,,1
2025-04-30 21:55:00,MS-Par,12288,,448695,1.5841094730273348,12,32768,262144,12582912,64,,1
2025-04-30 21:55:00,MS-PMerge,12288,,530536,1.339743203100261,12,32768,262144,12582912,64,,1
2025-04-30 21:55:00,MS-CacheAware,12288,,1407950,0.5048346887318441,12,32768,262144,12582912,64,,1
2025-04-30 21:55:09,MS-Seq,16384,,842173,1,12,32768,262144,12582912,64,,1
2025-04-30 21:55:09,MS-Par,16384,,1156851,0.7279874417708071,12,32768,262144,12582912,64,,1
2025-04-30 21:55:09,MS-PMerge,16384,,1235309,0.6817508817631863,12,32768,262144,12582912,64,,1
2025-04-30 21:55:10,MS-CacheAware,16384,,1290302,0.6526944854770433,12,32768,262144,12582912,64,,1
2025-04-30 21:55:31,MS-Seq,24576,,1754761,1,12,32768,262144,12582912,64,,1
2025-04-30 21:55:31,MS-Par,24576,,872625,2.010899298094829,12,32768,262144,12582912,64,,1
2025-04-30 21:55:31,MS-PMerge,24576,,2260295,0.7763415837313271,12,32768,262144,12582912,64,,1
2025-04-30 21:55:31,MS-CacheAware,24576,,3325714,0.5276343666352549,12,32768,262144,12582912,64,,1
2025-04-30 21:56:11,MS-Seq,32768,,2395119,1,12,32768,262144,12582912,64,,1
2025-04-30 21:56:11,MS-Par,32768,,2590169,0.924696033347631,12,32768,262144,12582912,64,,1
2025-04-30 21:56:11,MS-PMerge,32768,,1375403,1.741394340422407,12,32768,262144,12582912,64,,1
2025-04-30 21:56:12,MS-CacheAware,32768,,3190852,0.7506205239227642,12,32768,262144,12582912,64,,1
2025-04-30 21:57:28,MS-Seq,49152,,4448508,1,12,32768,262144,12582912,64,,1
2025-04-30 21:57:28,MS-Par,49152,,1178087,3.776043704751856,12,32768,262144,12582912,64,,1
2025-04-30 21:57:29,MS-PMerge,49152,,1252112,3.552803583066052,12,32768,262144,12582912,64,,1
2025-04-30 21:57:29,MS-CacheAware,49152,,3747086,1.1871913268070176,12,32768,262144,12582912,64,,1
2025-04-30 21:59:57,MS-Seq,65536,,4342348,1,12,32768,262144,12582912,64,,1
2025-04-30 21:59:57,MS-Par,65536,,4083941,1.063273930744837,12,32768,262144,12582912,64,,1
2025-04-30 21:59:57,MS-PMerge,65536,,1607431,2.701421087437035,12,32768,262144,12582912,64,,1
2025-04-30 21:59:57,MS-CacheAware,65536,,5331292,0.8145020006407453,12,32768,262144,12582912,64,,1
2025-04-30 21:59:58,MS-Seq,4096,,166942,1,12,32768,262144,12582912,64,,1
2025-04-30 21:59:58,MS-Par,4096,,138807,1.2026915069124755,12,32768,262144,12582912,64,,1
2025-04-30 21:59:58,MS-PMerge,4096,,113503,1.470815749363453,12,32768,262144,12582912,64,,1
2025-04-30 21:59:58,MS-CacheAware,4096,,112515,1.4837310580811447,12,32768,262144,12582912,64,,1
2025-04-30 22:00:01,MS-Seq,8192,,480193,1,12,32768,262144,12582912,64,,1
2025-04-30 22:00:01,MS-Par,8192,,267565,1.794677928727599,12,32768,262144,12582912,64,,1
2025-04-30 22:00:02,MS-PMerge,8192,,1048372,0.4580368418843693,12,32768,262144,12582912,64,,1
2025-04-30 22:00:02,MS-CacheAware,8192,,1102872,0.4354022950986153,12,32768,262144,12582912,64,,1
2025-04-30 22:00:07,MS-Seq,12288,,1442666,1,12,32768,262144,12582912,64,,1
2025-04-30 22:00:07,MS-Par,12288,,1316021,1.0962332667943748,12,32768,262144,12582912,64,,1
2025-04-30 22:00:07,MS-PMerge,12288,,575977,2.504728487422241,12,32768,262144,12582912,64,,1
2025-04-30 22:00:08,MS-CacheAware,12288,,1163115,1.2403468272698743,12,32768,262144,12582912,64,,1
2025-04-30 22:00:18,MS-Seq,16384,,2341312,1,12,32768,262144,12582912,64,,1
2025-04-30 22:00:18,MS-Par,16384,,2282490,1.0257709781861037,12,32768,262144,12582912,64,,1
2025-04-30 22:00:18,MS-PMerge,16384,,810654,2.8881767067084105,12,32768,262144,12582912,64,,1
2025-04-30 22:00:18,MS-CacheAware,16384,,1631937,1.4346828339574382,12,32768,262144,12582912,64,,1
2025-04-30 22:00:43,MS-Seq,24576,,4076106,1,12,32768,262144,12582912,64,,1
2025-04-30 22:00:43,MS-Par,24576,,2100311,1.9407154464267435,12,32768,262144,12582912,64,,1
2025-04-30 22:00:44,MS-PMerge,24576,,2188026,1.862914791688947,12,32768,262144,12582912,64,,1
2025-04-30 22:00:44,MS-CacheAware,24576,,3240271,1.2579521898014085,12,32768,262144,12582912,64,,1
2025-04-30 22:01:30,MS-Seq,32768,,4029625,1,12,32768,262144,12582912,64,,1
2025-04-30 22:01:30,MS-Par,32768,,2217865,1.8168937243700587,12,32768,262144,12582912,64,,1
2025-04-30 22:01:31,MS-PMerge,32768,,2280638,1.7668849681536483,12,32768,262144,12582912,64,,1
2025-04-30 22:01:31,MS-CacheAware,32768,,6728402,0.5988977769164209,12,32768,262144,12582912,64,,1
2025-04-30 22:02:50,MS-Seq,49152,,9380067,1,12,32768,262144,12582912,64,,1
2025-04-30 22:02:50,MS-Par,49152,,2905331,3.228570858191373,12,32768,262144,12582912,64,,1
2025-04-30 22:02:50,MS-PMerge,49152,,1210986,7.745809612993049,12,32768,262144,12582912,64,,1
2025-04-30 22:02:50,MS-CacheAware,49152,,3174917,2.9544290449167647,12,32768,262144,12582912,64,,1
2025-04-30 22:05:24,MS-Seq,65536,,3646290,1,12,32768,262144,12582912,64,,1
2025-04-30 22:05:24,MS-Par,65536,,1575862,2.3138383944787044,12,32768,262144,12582912,64,,1
2025-04-30 22:05:24,MS-PMerge,65536,,1687983,2.1601461626094576,12,32768,262144,12582912,64,,1
2025-04-30 22:05:24,MS-CacheAware,65536,,4841546,0.7531251381273667,12,32768,262144,12582912,64,,1
2025-04-30 22:05:25,MS-Seq,4096,,145125,1,12,32768,262144,12582912,64,,1
2025-04-30 22:05:25,MS-Par,4096,,145715,0.9959510002401949,12,32768,262144,12582912,64,,1
2025-04-30 22:05:25,MS-PMerge,4096,,182063,0.7971141857488891,12,32768,262144,12582912,64,,1
2025-04-30 22:05:25,MS-CacheAware,4096,,135216,1.0732827476038338,12,32768,262144,12582912,64,,1
2025-04-30 22:05:29,MS-Seq,8192,,573200,1,12,32768,262144,12582912,64,,1
2025-04-30 22:05:29,MS-Par,8192,,260825,2.1976420971916037,12,32768,262144,12582912,64,,1
2025-04-30 22:05:29,MS-PMerge,8192,,142472,4.02324667303049,12,32768,262144,12582912,64,,1
2025-04-30 22:05:29,MS-CacheAware,8192,,239591,2.3924103993889587,12,32768,262144,12582912,64,,1
2025-04-30 22:05:35,MS-Seq,12288,,595459,1,12,32768,262144,12582912,64,,1
2025-04-30 22:05:35,MS-Par,12288,,335728,1.7736352046895105,12,32768,262144,12582912,64,,1
2025-04-30 22:05:35,MS-PMerge,12288,,3117257,0.19102018216656502,12,32768,262144,12582912,64,,1
2025-04-30 22:05:35,MS-CacheAware,12288,,1993523,0.29869682968292816,12,32768,262144,12582912,64,,1
2025-04-30 22:05:44,MS-Seq,16384,,1985314,1,12,32768,262144,12582912,64,,1
2025-04-30 22:05:44,MS-Par,16384,,1073944,1.8486196673197113,12,32768,262144,12582912,64,,1
2025-04-30 22:05:44,MS-PMerge,16384,,647951,3.063987863279785,12,32768,262144,12582912,64,,1
2025-04-30 22:05:44,MS-CacheAware,16384,,2151553,0.9227353451204781,12,32768,262144,12582912,64,,1
2025-04-30 22:06:06,MS-Seq,24576,,1747189,1,12,32768,262144,12582912,64,,1
2025-04-30 22:06:06,MS-Par,24576,,1764255,0.9903267951628307,12,32768,262144,12582912,64,,1
2025-04-30 22:06:06,MS-PMerge,24576,,1351322,1.2929479428293182,12,32768,262144,12582912,64,,1
2025-04-30 22:06:06,MS-CacheAware,24576,,1013403,1.724081140474224,12,32768,262144,12582912,64,,1
2025-04-30 22:06:39,MS-Seq,32768,,5539792,1,12,32768,262144,12582912,64,,1
2025-04-30 22:06:39,MS-Par,32768,,1180663,4.6921026575746,12,32768,262144,12582912,64,,1
2025-04-30 22:06:39,MS-PMerge,32768,,2776341,1.995357198557382,12,32768,262144,12582912,64,,1
2025-04-30 22:06:40,MS-CacheAware,32768,,4115956,1.3459308116996391,12,32768,262144,12582912,64,,1
2025-04-30 22:07:57,MS-Seq,49152,,4566762,1,12,32768,262144,12582912,64,,1
2025-04-30 22:07:57,MS-Par,49152,,1792541,2.547647166787259,12,32768,262144,12582912,64,,1
2025-04-30 22:07:57,MS-PMerge,49152,,1385031,3.2972272822774364,12,32768,262144,12582912,64,,1
2025-04-30 22:07:57,MS-CacheAware,49152,,3784546,1.2066868786903369,12,32768,262144,12582912,64,,1
2025-04-30 22:10:24,MS-Seq,65536,,3334537,1,12,32768,262144,12582912,64,,1
2025-04-30 22:10:24,MS-Par,65536,,1416520,2.3540345353401295,12,32768,262144,12582912,64,,1
2025-04-30 22:10:24,MS-PMerge,65536,,2954504,1.12862835860097,12,32768,262144,12582912,64,,1
2025-04-30 22:10:24,MS-CacheAware,65536,,5067330,0.6580461505368705,12,32768,262144,12582912,64,,1
2025-04-30 22:12:35,MS-Seq,4096,,121370,1,12,32768,262144,12582912,64,,1
2025-04-30 22:12:35,MS-Par,4096,,124205,0.9771748319310817,12,32768,262144,12582912,64,,1
2025-04-30 22:12:35,MS-PMerge,4096,,112533,1.0785280762087566,12,32768,262144,12582912,64,,1
2025-04-30 22:12:35,MS-CacheAware,4096,,111529,1.0882371401160236,12,32768,262144,12582912,64,,1
2025-04-30 22:12:37,MS-Seq,8192,,279497,1,12,32768,262144,12582912,64,,1
2025-04-30 22:12:37,MS-Par,8192,,189772,1.4728042071538479,12,32768,262144,12582912,64,,1
2025-04-30 22:12:37,MS-PMerge,8192,,207382,1.3477399195687185,12,32768,262144,12582912,64,,1
2025-04-30 22:12:37,MS-CacheAware,8192,,279663,0.9994064284513862,12,32768,262144,12582912,64,,1
2025-04-30 22:12:40,MS-Seq,12288,,559893,1,12,32768,262144,12582912,64,,1
2025-04-30 22:12:40,MS-Par,12288,,323126,1.7327389315623007,12,32768,262144,12582912,64,,1
2025-04-30 22:12:40,MS-PMerge,12288,,348578,1.606220128636919,12,32768,262144,12582912,64,,1
2025-04-30 22:12:40,MS-CacheAware,12288,,737911,0.7587541044922762,12,32768,262144,12582912,64,,1
2025-04-30 22:12:46,MS-Seq,16384,,594520,1,12,32768,262144,12582912,64,,1
2025-04-30 22:12:46,MS-Par,16384,,410395,1.4486531268655807,12,32768,262144,12582912,64,,1
2025-04-30 22:12:46,MS-PMerge,16384,,476680,1.2472098682554333,12,32768,262144,12582912,64,,1
2025-04-30 22:12:46,MS-CacheAware,16384,,923211,0.6439697967203597,12,32768,262144,12582912,64,,1
2025-04-30 22:12:58,MS-Seq,24576,,963623,1,12,32768,262144,12582912,64,,1
2025-04-30 22:12:58,MS-Par,24576,,1749988,0.5506454901405038,12,32768,262144,12582912,64,,1
2025-04-30 22:12:58,MS-PMerge,24576,,1672402,0.5761910114912563,12,32768,262144,12582912,64,,1
2025-04-30 22:12:59,MS-CacheAware,24576,,1409485,0.6836702767322816,12,32768,262144,12582912,64,,1
2025-04-30 22:13:25,MS-Seq,32768,,2581112,1,12,32768,262144,12582912,64,,1
2025-04-30 22:13:25,MS-Par,32768,,601365,4.292088831242257,12,32768,262144,12582912,64,,1
2025-04-30 22:13:25,MS-PMerge,32768,,1949615,1.323908566563142,12,32768,262144,12582912,64,,1
2025-04-30 22:13:26,MS-CacheAware,32768,,1762649,1.4643369156309622,12,32768,262144,12582912,64,,1
2025-04-30 22:14:33,MS-Seq,49152,,6807513,1,12,32768,262144,12582912,64,,1
2025-04-30 22:14:33,MS-Par,49152,,886499,7.67909834077647,12,32768,262144,12582912,64,,1
2025-04-30 22:14:33,MS-PMerge,49152,,1201594,5.665401957732811,12,32768,262144,12582912,64,,1
2025-04-30 22:14:33,MS-CacheAware,49152,,3062786,2.222653819104567,12,32768,262144,12582912,64,,1
2025-04-30 22:16:54,MS-Seq,65536,,3515223,1,12,32768,262144,12582912,64,,1
2025-04-30 22:16:54,MS-Par,65536,,1480067,2.3750431568300625,12,32768,262144,12582912,64,,1
2025-04-30 22:16:54,MS-PMerge,65536,,2836460,1.2392993379071096,12,32768,262144,12582912,64,,1
2025-04-30 22:16:54,MS-CacheAware,65536,,4952045,0.7098527981874155,12,32768,262144,12582912,64,,1
2025-04-30 22:16:56,MS-Seq,4096,,149478,1,12,32768,262144,12582912,64,,1
2025-04-30 22:16:56,MS-Par,4096,,230123,0.6495569760519374,12,32768,262144,12582912,64,,1
2025-04-30 22:16:56,MS-PMerge,4096,,140400,1.0646581196581197,12,32768,262144,12582912,64,,1
2025-04-30 22:16:56,MS-CacheAware,4096,,112627,1.3271950775568913,12,32768,262144,12582912,64,,1
2025-04-30 22:16:59,MS-Seq,8192,,458438,1,12,32768,262144,12582912,64,,1
2025-04-30 22:16:59,MS-Par,8192,,355353,1.290091824186091,12,32768,262144,12582912,64,,1
2025-04-30 22:16:59,MS-PMerge,8192,,339354,1.3509137950340941,12,32768,262144,12582912,64,,1
2025-04-30 22:16:59,MS-CacheAware,8192,,482035,0.9510471231342122,12,32768,262144,12582912,64,,1
2025-04-30 22:17:04,MS-Seq,12288,,708949,1,12,32768,262144,12582912,64,,1
2025-04-30 22:17:05,MS-Par,12288,,505850,1.401500444795888,12,32768,262144,12582912,64,,1
2025-04-30 22:17:05,MS-PMerge,12288,,1190291,0.59560981306252,12,32768,262144,12582912,64,,1
2025-04-30 22:17:05,MS-CacheAware,12288,,1131657,0.626469857916312,12,32768,262144,12582912,64,,1
2025-04-30 22:17:13,MS-Seq,16384,,1026201,1,12,32768,262144,12582912,64,,1
2025-04-30 22:17:13,MS-Par,16384,,503993,2.0361413749794144,12,32768,262144,12582912,64,,1
2025-04-30 22:17:13,MS-PMerge,16384,,1837110,0.5585952936949883,12,32768,262144,12582912,64,,1
2025-04-30 22:17:14,MS-CacheAware,16384,,1892729,0.542180629133912,12,32768,262144,12582912,64,,1
2025-04-30 22:17:37,MS-Seq,24576,,2518013,1,12,32768,262144,12582912,64,,1
2025-04-30 22:17:37,MS-Par,24576,,2592223,0.9713720617400586,12,32768,262144,12582912,64,,1
2025-04-30 22:17:37,MS-PMerge,24576,,1381054,1.8232545577508192,12,32768,262144,12582912,64,,1
2025-04-30 22:17:38,MS-CacheAware,24576,,5026304,0.5009671122160538,12,32768,262144,12582912,64,,1
2025-04-30 22:18:19,MS-Seq,32768,,6024591,1,12,32768,262144,12582912,64,,1
2025-04-30 22:18:19,MS-Par,32768,,3771839,1.5972556092664614,12,32768,262144,12582912,64,,1
2025-04-30 22:18:19,MS-PMerge,32768,,1683345,3.5789401459593844,12,32768,262144,12582912,64,,1
2025-04-30 22:18:20,MS-CacheAware,32768,,3271190,1.8417123432145488,12,32768,262144,12582912,64,,1
2025-04-30 22:19:35,MS-Seq,49152,,5272596,1,12,32768,262144,12582912,64,,1
2025-04-30 22:19:35,MS-Par,49152,,1099114,4.797132963459659,12,32768,262144,12582912,64,,1
2025-04-30 22:19:35,MS-PMerge,49152,,1418902,3.715969108507846,12,32768,262144,12582912,64,,1
2025-04-30 22:19:35,MS-CacheAware,49152,,3145989,1.6759740736537858,12,32768,262144,12582912,64,,1
2025-04-30 22:21:57,MS-Seq,65536,,6912843,1,12,32768,262144,12582912,64,,1
2025-04-30 22:21:57,MS-Par,65536,,1488201,4.645100359427254,12,32768,262144,12582912,64,,1
2025-04-30 22:21:57,MS-PMerge,65536,,1562375,4.42457348587887,12,32768,262144,12582912,64,,1
2025-04-30 22:21:57,MS-CacheAware,65536,,4370034,1.581873962536676,12,32768,262144,12582912,64,,1
2025-04-30 22:21:59,MS-Seq,4096,,138920,1,12,32768,262144,12582912,64,,1
2025-04-30 22:21:59,MS-Par,4096,,147738,0.9403132572527041,12,32768,262144,12582912,64,,1
2025-04-30 22:21:59,MS-PMerge,4096,,148226,0.9372174922078448,12,32768,262144,12582912,64,,1
2025-04-30 22:21:59,MS-CacheAware,4096,,110433,1.257957313484194,12,32768,262144,12582912,64,,1
2025-04-30 22:22:02,MS-Seq,8192,,469926,1,12,32768,262144,12582912,64,,1
2025-04-30 22:22:02,MS-Par,8192,,296348,1.5857235412420532,12,32768,262144,12582912,64,,1
2025-04-30 22:22:02,MS-PMerge,8192,,335670,1.399964250603271,12,32768,262144,12582912,64,,1
2025-04-30 22:22:02,MS-CacheAware,8192,,279738,1.679879029663471,12,32768,262144,12582912,64,,1
2025-04-30 22:22:08,MS-Seq,12288,,2385779,1,12,32768,262144,12582912,64,,1
2025-04-30 22:22:08,MS-Par,12288,,1108570,2.1521230053131513,12,32768,262144,12582912,64,,1
2025-04-30 22:22:08,MS-PMerge,12288,,844491,2.8251088525514185,12,32768,262144,12582912,64,,1
2025-04-30 22:22:09,MS-CacheAware,12288,,1921987,1.2413086040644397,12,32768,262144,12582912,64,,1
2025-04-30 22:22:17,MS-Seq,16384,,1073731,1,12,32768,262144,12582912,64,,1
2025-04-30 22:22:17,MS-Par,16384,,1007279,1.0659717913309024,12,32768,262144,12582912,64,,1
2025-04-30 22:22:17,MS-PMerge,16384,,542983,1.9774670661880758,12,32768,262144,12582912,64,,1
2025-04-30 22:22:18,MS-CacheAware,16384,,1489208,0.721008079462372,12,32768,262144,12582912,64,,1
2025-04-30 22:22:41,MS-Seq,24576,,5404071,1,12,32768,262144,12582912,64,,1
2025-04-30 22:22:41,MS-Par,24576,,1304043,4.144089573733382,12,32768,262144,12582912,64,,1
2025-04-30 22:22:41,MS-PMerge,24576,,2311033,2.338378984635875,12,32768,262144,12582912,64,,1
2025-04-30 22:22:42,MS-CacheAware,24576,,4338689,1.245553898885124,12,32768,262144,12582912,64,,1
2025-04-30 22:23:28,MS-Seq,32768,,2945371,1,12,32768,262144,12582912,64,,1
2025-04-30 22:23:28,MS-Par,32768,,1355579,2.172777093773214,12,32768,262144,12582912,64,,1
2025-04-30 22:23:28,MS-PMerge,32768,,1521724,1.9355487591705198,12,32768,262144,12582912,64,,1
2025-04-30 22:23:29,MS-CacheAware,32768,,3265196,0.9020502903960436,12,32768,262144,12582912,64,,1
2025-04-30 22:24:43,MS-Seq,49152,,4797421,1,12,32768,262144,12582912,64,,1
2025-04-30 22:24:43,MS-Par,49152,,1815265,2.642821296064211,12,32768,262144,12582912,64,,1
2025-04-30 22:24:44,MS-PMerge,49152,,1030979,4.653267428337531,12,32768,262144,12582912,64,,1
2025-04-30 22:24:44,MS-CacheAware,49152,,4606507,1.041444417646603,12,32768,262144,12582912,64,,1
2025-04-30 22:27:16,MS-Seq,65536,,3389554,1,12,32768,262144,12582912,64,,1
2025-04-30 22:27:16,MS-Par,65536,,1388298,2.441517599247424,12,32768,262144,12582912,64,,1
2025-04-30 22:27:16,MS-PMerge,65536,,1685027,2.0115725148617796,12,32768,262144,12582912,64,,1
2025-04-30 22:27:16,MS-CacheAware,65536,,8120516,0.4174062337910547,12,32768,262144,12582912,64,,1
2025-04-30 22:27:18,MS-Seq,4096,,143546,1,12,32768,262144,12582912,64,,1
2025-04-30 22:27:18,MS-Par,4096,,173278,0.8284144553838341,12,32768,262144,12582912,64,,1
2025-04-30 22:27:18,MS-PMerge,4096,,123513,1.162193453320703,12,32768,262144,12582912,64,,1
2025-04-30 22:27:18,MS-CacheAware,4096,,134878,1.0642654843636472,12,32768,262144,12582912,64,,1
2025-04-30 22:27:21,MS-Seq,8192,,359749,1,12,32768,262144,12582912,64,,1
2025-04-30 22:27:21,MS-Par,8192,,185382,1.9405821492917328,12,32768,262144,12582912,64,,1
2025-04-30 22:27:21,MS-PMerge,8192,,239357,1.5029809030026278,12,32768,262144,12582912,64,,1
2025-04-30 22:27:21,MS-CacheAware,8192,,293375,1.226242863229655,12,32768,262144,12582912,64,,1
2025-04-30 22:27:27,MS-Seq,12288,,500884,1,12,32768,262144,12582912,64,,1
2025-04-30 22:27:27,MS-Par,12288,,323165,1.5499326969195302,12,32768,262144,12582912,64,,1
2025-04-30 22:27:27,MS-PMerge,12288,,297074,1.686058019214068,12,32768,262144,12582912,64,,1
2025-04-30 22:27:27,MS-CacheAware,12288,,759513,0.6594804828883771,12,32768,262144,12582912,64,,1
2025-04-30 22:27:38,MS-Seq,16384,,2258244,1,12,32768,262144,12582912,64,,1
2025-04-30 22:27:38,MS-Par,16384,,1448744,1.558759863716433,12,32768,262144,12582912,64,,1
2025-04-30 22:27:38,MS-PMerge,16384,,795852,2.8375175283846747,12,32768,262144,12582912,64,,1
2025-04-30 22:27:39,MS-CacheAware,16384,,2062894,1.0946970615067957,12,32768,262144,12582912,64,,1
2025-04-30 22:28:04,MS-Seq,24576,,4690933,1,12,32768,262144,12582912,64,,1
2025-04-30 22:28:04,MS-Par,24576,,3525569,1.330546360034366,12,32768,262144,12582912,64,,1
2025-04-30 22:28:04,MS-PMerge,24576,,2365438,1.9831139095592445,12,32768,262144,12582912,64,,1
2025-04-30 22:28:04,MS-CacheAware,24576,,3917773,1.1973468090162447,12,32768,262144,12582912,64,,1
2025-04-30 22:28:44,MS-Seq,32768,,1470911,1,12,32768,262144,12582912,64,,1
2025-04-30 22:28:44,MS-Par,32768,,803252,1.8311949425584997,12,32768,262144,12582912,64,,1
2025-04-30 22:28:44,MS-PMerge,32768,,975875,1.5072739848853594,12,32768,262144,12582912,64,,1
2025-04-30 22:28:44,MS-CacheAware,32768,,2610711,0.5634139512186527,12,32768,262144,12582912,64,,1
2025-04-30 22:30:01,MS-Seq,49152,,6244036,1,12,32768,262144,12582912,64,,1
2025-04-30 22:30:01,MS-Par,49152,,1269870,4.917067101356832,12,32768,262144,12582912,64,,1
2025-04-30 22:30:01,MS-PMerge,49152,,1080145,5.780738697119368,12,32768,262144,12582912,64,,1
2025-04-30 22:30:01,MS-CacheAware,49152,,4540366,1.375227459636514,12,32768,262144,12582912,64,,1
2025-04-30 22:32:34,MS-Seq,65536,,4259173,1,12,32768,262144,12582912,64,,1
2025-04-30 22:32:34,MS-Par,65536,,1628433,2.6155039845053496,12,32768,262144,12582912,64,,1
2025-04-30 22:32:35,MS-PMerge,65536,,1612454,2.641422949119789,12,32768,262144,12582912,64,,1
2025-04-30 22:32:35,MS-CacheAware,65536,,6554985,0.6497609071569195,12,32768,262144,12582912,64,,1
2025-04-30 22:32:36,MS-Seq,4096,,131331,1,12,32768,262144,12582912,64,,1
2025-04-30 22:32:36,MS-Par,4096,,138937,0.945255763403557,12,32768,262144,12582912,64,,1
2025-04-30 22:32:36,MS-PMerge,4096,,142722,0.9201874973725144,12,32768,262144,12582912,64,,1
2025-04-30 22:32:36,MS-CacheAware,4096,,134956,0.9731393935801298,12,32768,262144,12582912,64,,1
2025-04-30 22:32:40,MS-Seq,8192,,439137,1,12,32768,262144,12582912,64,,1
2025-04-30 22:32:40,MS-Par,8192,,255706,1.7173511767420397,12,32768,262144,12582912,64,,1
2025-04-30 22:32:40,MS-PMerge,8192,,279228,1.5726825390003867,12,32768,262144,12582912,64,,1
2025-04-30 22:32:40,MS-CacheAware,8192,,458093,0.9586197562503683,12,32768,262144,12582912,64,,1
2025-04-30 22:32:46,MS-Seq,12288,,753512,1,12,32768,262144,12582912,64,,1
2025-04-30 22:32:46,MS-Par,12288,,761908,0.9889802968337384,12,32768,262144,12582912,64,,1
2025-04-30 22:32:46,MS-PMerge,12288,,538544,1.3991651564217593,12,32768,262144,12582912,64,,1
2025-04-30 22:32:46,MS-CacheAware,12288,,1003106,0.7511788385275335,12,32768,262144,12582912,64,,1
2025-04-30 22:32:55,MS-Seq,16384,,1090301,1,12,32768,262144,12582912,64,,1
2025-04-30 22:32:55,MS-Par,16384,,757549,1.439248154244808,12,32768,262144,12582912,64,,1
2025-04-30 22:32:55,MS-PMerge,16384,,1549555,0.703622007608636,12,32768,262144,12582912,64,,1
2025-04-30 22:32:55,MS-CacheAware,16384,,1655542,0.6585764661965688,12,32768,262144,12582912,64,,1
2025-04-30 22:33:16,MS-Seq,24576,,2402244,1,12,32768,262144,12582912,64,,1
2025-04-30 22:33:16,MS-Par,24576,,1442206,1.665673281070804,12,32768,262144,12582912,64,,1
2025-04-30 22:33:16,MS-PMerge,24576,,1084287,2.215505673313431,12,32768,262144,12582912,64,,1
2025-04-30 22:33:16,MS-CacheAware,24576,,2544457,0.9441087037430776,12,32768,262144,12582912,64,,1
2025-04-30 22:33:57,MS-Seq,32768,,3393335,1,12,32768,262144,12582912,64,,1
2025-04-30 22:33:57,MS-Par,32768,,1230493,2.7577036196061253,12,32768,262144,12582912,64,,1
2025-04-30 22:33:57,MS-PMerge,32768,,2446625,1.3869452817656975,12,32768,262144,12582912,64,,1
2025-04-30 22:33:58,MS-CacheAware,32768,,4386253,0.773629564915658,12,32768,262144,12582912,64,,1
2025-04-30 22:35:16,MS-Seq,49152,,5639870,1,12,32768,262144,12582912,64,,1
2025-04-30 22:35:16,MS-Par,49152,,1190277,4.7382836096135605,12,32768,262144,12582912,64,,1
2025-04-30 22:35:16,MS-PMerge,49152,,3135574,1.7986722686181222,12,32768,262144,12582912,64,,1
2025-04-30 22:35:17,MS-CacheAware,49152,,3985230,1.4151931005236837,12,32768,262144,12582912,64,,1
2025-04-30 22:37:46,MS-Seq,65536,,3351179,1,12,32768,262144,12582912,64,,1
2025-04-30 22:37:46,MS-Par,65536,,3553677,0.9430173310630088,12,32768,262144,12582912,64,,1
2025-04-30 22:37:46,MS-PMerge,65536,,1864484,1.7973761104949144,12,32768,262144,12582912,64,,1
2025-04-30 22:37:46,MS-CacheAware,65536,,5010765,0.6687958824650527,12,32768,262144,12582912,64,,1
2025-04-30 22:37:48,MS-Seq,4096,,182543,1,12,32768,262144,12582912,64,,1
2025-04-30 22:37:48,MS-Par,4096,,138112,1.3217026760889712,12,32768,262144,12582912,64,,1
2025-04-30 22:37:48,MS-PMerge,4096,,155381,1.1748090178335833,12,32768,262144,12582912,64,,1
2025-04-30 22:37:48,MS-CacheAware,4096,,119693,1.5250933638558646,12,32768,262144,12582912,64,,1
2025-04-30 22:37:51,MS-Seq,8192,,461047,1,12,32768,262144,12582912,64,,1
2025-04-30 22:37:51,MS-Par,8192,,149836,3.0770108652126327,12,32768,262144,12582912,64,,1
2025-04-30 22:37:51,MS-PMerge,8192,,209335,2.2024362863353,12,32768,262144,12582912,64,,1
2025-04-30 22:37:51,MS-CacheAware,8192,,307953,1.4971343029618156,12,32768,262144,12582912,64,,1
2025-04-30 22:37:57,MS-Seq,12288,,551962,1,12,32768,262144,12582912,64,,1
2025-04-30 22:37:58,MS-Par,12288,,418444,1.3190821232948733,12,32768,262144,12582912,64,,1
2025-04-30 22:37:58,MS-PMerge,12288,,484432,1.1394003699177593,12,32768,262144,12582912,64,,1
2025-04-30 22:37:58,MS-CacheAware,12288,,2395300,0.23043543606228864,12,32768,262144,12582912,64,,1
2025-04-30 22:38:07,MS-Seq,16384,,2041069,1,12,32768,262144,12582912,64,,1
2025-04-30 22:38:07,MS-Par,16384,,460665,4.430701268817905,12,32768,262144,12582912,64,,1
2025-04-30 22:38:07,MS-PMerge,16384,,1518844,1.343830571144897,12,32768,262144,12582912,64,,1
2025-04-30 22:38:07,MS-CacheAware,16384,,2346187,0.869951542651971,12,32768,262144,12582912,64,,1
2025-04-30 22:38:29,MS-Seq,24576,,813633,1,12,32768,262144,12582912,64,,1
2025-04-30 22:38:29,MS-Par,24576,,305408,2.6640854201592625,12,32768,262144,12582912,64,,1
2025-04-30 22:38:29,MS-PMerge,24576,,319293,2.5482331275662164,12,32768,262144,12582912,64,,1
2025-04-30 22:38:29,MS-CacheAware,24576,,1068627,0.7613816607665724,12,32768,262144,12582912,64,,1
2025-04-30 22:39:09,MS-Seq,32768,,2600162,1,12,32768,262144,12582912,64,,1
2025-04-30 22:39:09,MS-Par,32768,,3257662,0.7981681340789806,12,32768,262144,12582912,64,,1
2025-04-30 22:39:09,MS-PMerge,32768,,1623660,1.601420248081495,12,32768,262144,12582912,64,,1
2025-04-30 22:39:09,MS-CacheAware,32768,,3278557,0.793081224453319,12,32768,262144,12582912,64,,1
2025-04-30 22:40:26,MS-Seq,49152,,6266942,1,12,32768,262144,12582912,64,,1
2025-04-30 22:40:26,MS-Par,49152,,1112616,5.6326189808523335,12,32768,262144,12582912,64,,1
2025-04-30 22:40:26,MS-PMerge,49152,,1147637,5.460735406753181,12,32768,262144,12582912,64,,1
2025-04-30 22:40:26,MS-CacheAware,49152,,6169878,1.0157319156067592,12,32768,262144,12582912,64,,1
2025-04-30 22:42:53,MS-Seq,65536,,3898465,1,12,32768,262144,12582912,64,,1
2025-04-30 22:42:53,MS-Par,65536,,1550298,2.51465524692672,12,32768,262144,12582912,64,,1
2025-04-30 22:42:53,MS-PMerge,65536,,1233078,3.161572098439839,12,32768,262144,12582912,64,,1
2025-04-30 22:42:53,MS-CacheAware,65536,,7272587,0.5360492765504214,12,32768,262144,12582912,64,,1
2025-04-30 22:42:55,MS-Seq,4096,,115583,1,12,32768,262144,12582912,64,,1
2025-04-30 22:42:55,MS-Par,4096,,111292,1.0385562304568163,12,32768,262144,12582912,64,,1
2025-04-30 22:42:55,MS-PMerge,4096,,111359,1.037931375102147,12,32768,262144,12582912,64,,1
2025-04-30 22:42:55,MS-CacheAware,4096,,194456,0.5943915333031637,12,32768,262144,12582912,64,,1
2025-04-30 22:42:58,MS-Seq,8192,,295271,1,12,32768,262144,12582912,64,,1
2025-04-30 22:42:58,MS-Par,8192,,237630,1.2425661743045913,12,32768,262144,12582912,64,,1
2025-04-30 22:42:58,MS-PMerge,8192,,232160,1.271842694693315,12,32768,262144,12582912,64,,1
2025-04-30 22:42:58,MS-CacheAware,8192,,256875,1.149473479318735,12,32768,262144,12582912,64,,1
2025-04-30 22:43:04,MS-Seq,12288,,2347882,1,12,32768,262144,12582912,64,,1
2025-04-30 22:43:05,MS-Par,12288,,1750253,1.3414529213776523,12,32768,262144,12582912,64,,1
2025-04-30 22:43:05,MS-PMerge,12288,,882498,2.6604955478652643,12,32768,262144,12582912,64,,1
2025-04-30 22:43:05,MS-CacheAware,12288,,1183131,1.9844649493589468,12,32768,262144,12582912,64,,1
2025-04-30 22:43:13,MS-Seq,16384,,1595004,1,12,32768,262144,12582912,64,,1
2025-04-30 22:43:14,MS-Par,16384,,1313031,1.2147496898397676,12,32768,262144,12582912,64,,1
2025-04-30 22:43:14,MS-PMerge,16384,,697892,2.2854596413198602,12,32768,262144,12582912,64,,1
2025-04-30 22:43:14,MS-CacheAware,16384,,1648638,0.9674676915126305,12,32768,262144,12582912,64,,1
2025-04-30 22:43:36,MS-Seq,24576,,2510953,1,12,32768,262144,12582912,64,,1
2025-04-30 22:43:36,MS-Par,24576,,2592529,0.9685341996174391,12,32768,262144,12582912,64,,1
2025-04-30 22:43:36,MS-PMerge,24576,,4196888,0.5982892562298541,12,32768,262144,12582912,64,,1
2025-04-30 22:43:37,MS-CacheAware,24576,,2566586,0.9783241239529866,12,32768,262144,12582912,64,,1
2025-04-30 22:44:26,MS-Seq,32768,,2544859,1,12,32768,262144,12582912,64,,1
2025-04-30 22:44:26,MS-Par,32768,,3052957,0.833571845263461,12,32768,262144,12582912,64,,1
2025-04-30 22:44:26,MS-PMerge,32768,,2292562,1.1100502407350379,12,32768,262144,12582912,64,,1
2025-04-30 22:44:26,MS-CacheAware,32768,,4820581,0.5279154110261813,12,32768,262144,12582912,64,,1
2025-04-30 22:45:47,MS-Seq,49152,,3550204,1,12,32768,262144,12582912,64,,1
2025-04-30 22:45:47,MS-Par,49152,,911615,3.894411566286206,12,32768,262144,12582912,64,,1
2025-04-30 22:45:47,MS-PMerge,49152,,1120417,3.1686452454755685,12,32768,262144,12582912,64,,1
2025-04-30 22:45:47,MS-CacheAware,49152,,5153868,0.6888426323685434,12,32768,262144,12582912,64,,1
2025-04-30 22:48:17,MS-Seq,65536,,3351436,1,12,32768,262144,12582912,64,,1
2025-04-30 22:48:17,MS-Par,65536,,1631770,2.0538654344668674,12,32768,262144,12582912,64,,1
2025-04-30 22:48:17,MS-PMerge,65536,,1704029,1.9667716922658007,12,32768,262144,12582912,64,,1
2025-04-30 22:48:17,MS-CacheAware,65536,,6020822,0.5566409370680615,12,32768,262144,12582912,64,,1
2025-04-30 22:48:18,MS-Seq,4096,,991973,1,12,32768,262144,12582912,64,,1
2025-04-30 22:48:18,MS-Par,4096,,170178,5.829031954776763,12,32768,262144,12582912,64,,1
2025-04-30 22:48:18,MS-PMerge,4096,,139282,7.122047357160294,12,32768,262144,12582912,64,,1
2025-04-30 22:48:19,MS-CacheAware,4096,,135420,7.3251587653226995,12,32768,262144,12582912,64,,1
2025-04-30 22:48:21,MS-Seq,8192,,457049,1,12,32768,262144,12582912,64,,1
2025-04-30 22:48:21,MS-Par,8192,,304763,1.4996866417511312,12,32768,262144,12582912,64,,1
2025-04-30 22:48:22,MS-PMerge,8192,,309142,1.4784435631522084,12,32768,262144,12582912,64,,1
2025-04-30 22:48:22,MS-CacheAware,8192,,662285,0.690109242999615,12,32768,262144,12582912,64,,1
2025-04-30 22:48:27,MS-Seq,12288,,684900,1,12,32768,262144,12582912,64,,1
2025-04-30 22:48:27,MS-Par,12288,,510196,1.342425264016182,12,32768,262144,12582912,64,,1
2025-04-30 22:48:27,MS-PMerge,12288,,1188439,0.5763021913619463,12,32768,262144,12582912,64,,1
2025-04-30 22:48:28,MS-CacheAware,12288,,1301656,0.5261758867166133,12,32768,262144,12582912,64,,1
2025-04-30 22:48:36,MS-Seq,16384,,1123674,1,12,32768,262144,12582912,64,,1
2025-04-30 22:48:36,MS-Par,16384,,571473,1.96627662199264,12,32768,262144,12582912,64,,1
2025-04-30 22:48:36,MS-PMerge,16384,,945291,1.1887069695998376,12,32768,262144,12582912,64,,1
2025-04-30 22:48:37,MS-CacheAware,16384,,1699405,0.6612161315283879,12,32768,262144,12582912,64,,1
2025-04-30 22:48:57,MS-Seq,24576,,1821000,1,12,32768,262144,12582912,64,,1
2025-04-30 22:48:57,MS-Par,24576,,3573950,0.5095202786832497,12,32768,262144,12582912,64,,1
2025-04-30 22:48:57,MS-PMerge,24576,,286773,6.349970185477712,12,32768,262144,12582912,64,,1
2025-04-30 22:48:57,MS-CacheAware,24576,,1052270,1.7305444420158325,12,32768,262144,12582912,64,,1
2025-04-30 22:49:35,MS-Seq,32768,,2554710,1,12,32768,262144,12582912,64,,1
2025-04-30 22:49:35,MS-Par,32768,,1010799,2.5274164299727246,12,32768,262144,12582912,64,,1
2025-04-30 22:49:35,MS-PMerge,32768,,4393419,0.581485626570104,12,32768,262144,12582912,64,,1
2025-04-30 22:49:35,MS-CacheAware,32768,,5054301,0.505452682774532,12,32768,262144,12582912,64,,1
2025-04-30 22:50:51,MS-Seq,49152,,3504345,1,12,32768,262144,12582912,64,,1
2025-04-30 22:50:51,MS-Par,49152,,1196161,2.929659970522363,12,32768,262144,12582912,64,,1
2025-04-30 22:50:51,MS-PMerge,49152,,1292161,2.7120033803837136,12,32768,262144,12582912,64,,1
2025-04-30 22:50:51,MS-CacheAware,49152,,3118102,1.1238711883062196,12,32768,262144,12582912,64,,1
2025-04-30 22:53:16,MS-Seq,65536,,6884113,1,12,32768,262144,12582912,64,,1
2025-04-30 22:53:16,MS-Par,65536,,3992187,1.724396427321666,12,32768,262144,12582912,64,,1
2025-04-30 22:53:16,MS-PMerge,65536,,3642765,1.8898043107364872,12,32768,262144,12582912,64,,1
2025-04-30 22:53:16,MS-CacheAware,65536,,5182310,1.3283869548521798,12,32768,262144,12582912,64,,1
2025-04-30 22:53:18,MS-Seq,4096,,966578,1,12,32768,262144,12582912,64,,1
2025-04-30 22:53:18,MS-Par,4096,,180405,5.357822676755079,12,32768,262144,12582912,64,,1
2025-04-30 22:53:18,MS-PMerge,4096,,126941,7.614387786451974,12,32768,262144,12582912,64,,1
2025-04-30 22:53:18,MS-CacheAware,4096,,113194,8.5391275155927,12,32768,262144,12582912,64,,1
2025-04-30 22:53:20,MS-Seq,8192,,453110,1,12,32768,262144,12582912,64,,1
2025-04-30 22:53:21,MS-Par,8192,,352963,1.2837322892201166,12,32768,262144,12582912,64,,1
2025-04-30 22:53:21,MS-PMerge,8192,,1407359,0.32195765259610376,12,32768,262144,12582912,64,,1
2025-04-30 22:53:21,MS-CacheAware,8192,,441212,1.0269666282875352,12,32768,262144,12582912,64,,1
2025-04-30 22:53:26,MS-Seq,12288,,555031,1,12,32768,262144,12582912,64,,1
2025-04-30 22:53:26,MS-Par,12288,,372664,1.4893603889831055,12,32768,262144,12582912,64,,1
2025-04-30 22:53:26,MS-PMerge,12288,,391891,1.416289223278922,12,32768,262144,12582912,64,,1
2025-04-30 22:53:26,MS-CacheAware,12288,,1152634,0.48153273285362047,12,32768,262144,12582912,64,,1
2025-04-30 22:53:36,MS-Seq,16384,,1003135,1,12,32768,262144,12582912,64,,1
2025-04-30 22:53:36,MS-Par,16384,,620924,1.6155519838176653,12,32768,262144,12582912,64,,1
2025-04-30 22:53:36,MS-PMerge,16384,,1252223,0.8010833533643767,12,32768,262144,12582912,64,,1
2025-04-30 22:53:36,MS-CacheAware,16384,,1766920,0.567730853688905,12,32768,262144,12582912,64,,1
2025-04-30 22:54:00,MS-Seq,24576,,2568403,1,12,32768,262144,12582912,64,,1
2025-04-30 22:54:01,MS-Par,24576,,1819550,1.4115594515127368,12,32768,262144,12582912,64,,1
2025-04-30 22:54:01,MS-PMerge,24576,,1765957,1.4543972474980988,12,32768,262144,12582912,64,,1
2025-04-30 22:54:01,MS-CacheAware,24576,,3708482,0.69257529091418,12,32768,262144,12582912,64,,1
2025-04-30 22:54:45,MS-Seq,32768,,3272092,1,12,32768,262144,12582912,64,,1
2025-04-30 22:54:45,MS-Par,32768,,2770798,1.1809204424140627,12,32768,262144,12582912,64,,1
2025-04-30 22:54:45,MS-PMerge,32768,,2673116,1.22407407684515,12,32768,262144,12582912,64,,1
2025-04-30 22:54:46,MS-CacheAware,32768,,5762600,0.5678152222954916,12,32768,262144,12582912,64,,1
2025-04-30 22:56:06,MS-Seq,49152,,2935446,1,12,32768,262144,12582912,64,,1
2025-04-30 22:56:06,MS-Par,49152,,1367781,2.1461374298955755,12,32768,262144,12582912,64,,1
2025-04-30 22:56:07,MS-PMerge,49152,,1252546,2.343583389352567,12,32768,262144,12582912,64,,1
2025-04-30 22:56:07,MS-CacheAware,49152,,6487896,0.4524496077002467,12,32768,262144,12582912,64,,1
2025-04-30 22:58:32,MS-Seq,65536,,5889358,1,12,32768,262144,12582912,64,,1
2025-04-30 22:58:32,MS-Par,65536,,2544667,2.314392413624258,12,32768,262144,12582912,64,,1
2025-04-30 22:58:32,MS-PMerge,65536,,3622483,1.6257793342301399,12,32768,262144,12582912,64,,1
2025-04-30 22:58:33,MS-CacheAware,65536,,5258340,1.1200032709942682,12,32768,262144,12582912,64,,1
2025-04-30 22:58:34,MS-Seq,4096,,135136,1,12,32768,262144,12582912,64,,1
2025-04-30 22:58:34,MS-Par,4096,,139543,0.9684183370000645,12,32768,262144,12582912,64,,1
2025-04-30 22:58:34,MS-PMerge,4096,,150924,0.895391057750921,12,32768,262144,12582912,64,,1
2025-04-30 22:58:34,MS-CacheAware,4096,,135686,0.9959465235912327,12,32768,262144,12582912,64,,1
2025-04-30 22:58:37,MS-Seq,8192,,474197,1,12,32768,262144,12582912,64,,1
2025-04-30 22:58:37,MS-Par,8192,,173917,2.7265707205161083,12,32768,262144,12582912,64,,1
2025-04-30 22:58:37,MS-PMerge,8192,,297117,1.5959941706465803,12,32768,262144,12582912,64,,1
2025-04-30 22:58:38,MS-CacheAware,8192,,284056,1.6693785732390796,12,32768,262144,12582912,64,,1
2025-04-30 22:58:43,MS-Seq,12288,,721275,1,12,32768,262144,12582912,64,,1
2025-04-30 22:58:43,MS-Par,12288,,502958,1.4340660651585222,12,32768,262144,12582912,64,,1
2025-04-30 22:58:44,MS-PMerge,12288,,1380006,0.5226607710401259,12,32768,262144,12582912,64,,1
2025-04-30 22:58:44,MS-CacheAware,12288,,1178804,0.6118701667113448,12,32768,262144,12582912,64,,1
2025-04-30 22:58:54,MS-Seq,16384,,1140955,1,12,32768,262144,12582912,64,,1
2025-04-30 22:58:54,MS-Par,16384,,493980,2.3097190169642494,12,32768,262144,12582912,64,,1
2025-04-30 22:58:54,MS-PMerge,16384,,1338563,0.8523730298835392,12,32768,262144,12582912,64,,1
2025-04-30 22:58:55,MS-CacheAware,16384,,2125090,0.5368972608218946,12,32768,262144,12582912,64,,1
2025-04-30 22:59:16,MS-Seq,24576,,1291182,1,12,32768,262144,12582912,64,,1
2025-04-30 22:59:16,MS-Par,24576,,1801442,0.7167491376352944,12,32768,262144,12582912,64,,1
2025-04-30 22:59:16,MS-PMerge,24576,,1660658,0.7775122872981673,12,32768,262144,12582912,64,,1
2025-04-30 22:59:17,MS-CacheAware,24576,,4174681,0.3092887815859463,12,32768,262144,12582912,64,,1
2025-04-30 22:59:53,MS-Seq,32768,,2377809,1,12,32768,262144,12582912,64,,1
2025-04-30 22:59:53,MS-Par,32768,,2000147,1.1888171219415373,12,32768,262144,12582912,64,,1
2025-04-30 22:59:53,MS-PMerge,32768,,3175725,0.7487452471482889,12,32768,262144,12582912,64,,1
2025-04-30 22:59:54,MS-CacheAware,32768,,8320153,0.2857890954649512,12,32768,262144,12582912,64,,1
2025-04-30 23:01:07,MS-Seq,49152,,3941011,1,12,32768,262144,12582912,64,,1
2025-04-30 23:01:07,MS-Par,49152,,1119110,3.5215582025002012,12,32768,262144,12582912,64,,1
2025-04-30 23:01:07,MS-PMerge,49152,,4960163,0.7945325587082521,12,32768,262144,12582912,64,,1
2025-04-30 23:01:07,MS-CacheAware,49152,,3129786,1.2591950376159904,12,32768,262144,12582912,64,,1
2025-04-30 23:03:28,MS-Seq,65536,,4666603,1,12,32768,262144,12582912,64,,1
2025-04-30 23:03:28,MS-Par,65536,,3839672,1.2153650103446336,12,32768,262144,12582912,64,,1
2025-04-30 23:03:28,MS-PMerge,65536,,1505142,3.100440357122451,12,32768,262144,12582912,64,,1
2025-04-30 23:03:28,MS-CacheAware,65536,,5161115,0.904185045285757,12,32768,262144,12582912,64,,1
